Joshua Project People Group Data;;;;;;;;;;;;;;;;;;;;;;;;;;;;;;;;;;
;;;;;;;;;;;;;;;;;;;;;;;;;;;;;;;;;;
ROG3;Ctry;PeopleID3;ROP3;PeopNameAcrossCountries;PeopNameInCountry;Population;JPScale;LeastReached;Frontier;ROL3;PrimaryLanguageName;BibleStatus;RLG3;PrimaryReligion;PercentAdherents;PctChristianRange;PercentEvangelical;PctEvangelicalRange;ROP1;PeopleID1;AffinityBloc;PeopleID2;ROP2;PeopleCluster;RegionCode;RegionName;ROG2;Continent;10_40Window;CountOfCountries;IndigenousCode;WorkersNeeded;Latitude;Longitude
CM;Cameroon;10132;100022;Abo;Abo;24000;4;N;N;abb;Bankon;2;1;Christianity;70;50-100%;2.5;2-5%;A013;22;Sub-Saharan Peoples;347;C0271;Bantu, Northwest;8;Africa, West and Central;AFR;Africa;N;1;Y;;4.37822;9.64981
CM;Cameroon;10175;100107;Aghem;Aghem, Wum;54000;4;N;N;agq;Aghem;4;1;Christianity;75;50-100%;7;5-10%;A013;22;Sub-Saharan Peoples;333;C0257;Bantu, Cameroon-Bamileke;8;Africa, West and Central;AFR;Africa;N;1;Y;;6.38736;10.07548
CM;Cameroon;10232;100198;Akum;Akum;2700;4;N;N;aku;Akum;2;1;Christianity;62;50-100%;8;5-10%;A013;22;Sub-Saharan Peoples;140;C0044;Benue;8;Africa, West and Central;AFR;Africa;N;2;Y;;6.83834;9.99558
CM;Cameroon;10270;100257;Amasi;Amasi, Banta;11000;3;N;N;myg;Manta;1;1;Christianity;73;50-100%;1.5;0.1-2%;A013;22;Sub-Saharan Peoples;102;C0003;Adamawa-Ubangi;8;Africa, West and Central;AFR;Africa;N;1;Y;;6.01368;9.58139
CM;Cameroon;10279;100269;Ambele;Ambele;11000;4;N;N;ael;Ambele;1;1;Christianity;69;50-100%;6;5-10%;A013;22;Sub-Saharan Peoples;140;C0044;Benue;8;Africa, West and Central;AFR;Africa;N;1;Y;;5.93729;9.6208
CM;Cameroon;15655;110311;Arab, Turku;Arab, Turku;15000;1;Y;Y;pga;Arabic, Juba;3;6;Islam;0.1;0-0.1%;0.1;0-0.1%;A001;10;Arab World;117;C0019;Arab, Sudan;8;Africa, West and Central;AFR;Africa;N;3;N;1;3.828484;11.445913
CM;Cameroon;10479;100602;Atong;Atong;8500;3;N;N;ato;Atong (Cameroon);2;1;Christianity;62;50-100%;0.3;0.1-2%;A013;22;Sub-Saharan Peoples;333;C0257;Bantu, Cameroon-Bamileke;8;Africa, West and Central;AFR;Africa;N;1;Y;;6.04585;9.73302
CM;Cameroon;10508;100650;Awing;Awing;38000;4;N;N;azo;Awing;4;1;Christianity;85;50-100%;7;5-10%;A013;22;Sub-Saharan Peoples;333;C0257;Bantu, Cameroon-Bamileke;8;Africa, West and Central;AFR;Africa;N;1;Y;;5.87496;10.26588
CM;Cameroon;10535;100686;Baba;Baba;42000;3;N;N;bbw;Supapya;2;1;Christianity;70;50-100%;2;0.1-2%;A013;22;Sub-Saharan Peoples;333;C0257;Bantu, Cameroon-Bamileke;8;Africa, West and Central;AFR;Africa;N;1;Y;;6.1146;10.52384
CM;Cameroon;12677;104993;Babanki;Babanki;56000;4;N;N;bbk;Babanki;4;1;Christianity;73;50-100%;3;2-5%;A013;22;Sub-Saharan Peoples;333;C0257;Bantu, Cameroon-Bamileke;8;Africa, West and Central;AFR;Africa;N;1;Y;;6.07204;10.29866
CM;Cameroon;20200;115962;Badwe'e;Badwe'e;23000;4;N;N;ozm;Koonzime;4;1;Christianity;73;50-100%;7;5-10%;A013;22;Sub-Saharan Peoples;347;C0271;Bantu, Northwest;8;Africa, West and Central;AFR;Africa;N;1;Y;;3.165112;13.618913
CM;Cameroon;10554;100729;Bafanji;Bafanji;26000;2;N;N;bfj;Chufie';3;4;Ethnic Religions;27;10-50%;1.5;0.1-2%;A013;22;Sub-Saharan Peoples;333;C0257;Bantu, Cameroon-Bamileke;8;Africa, West and Central;AFR;Africa;N;1;Y;;5.84312;10.44831
CM;Cameroon;10555;100730;Bafaw;Bafaw;29000;4;N;N;bwt;Bafaw-Balong;2;1;Christianity;75;50-100%;2.5;2-5%;A013;22;Sub-Saharan Peoples;347;C0271;Bantu, Northwest;8;Africa, West and Central;AFR;Africa;N;1;Y;;4.58401;9.53893
CM;Cameroon;10556;100731;Bafia, Bekpak;Bafia, Bekpak;154000;5;N;N;ksf;Bafia;4;1;Christianity;69;50-100%;11;10-50%;A013;22;Sub-Saharan Peoples;333;C0257;Bantu, Cameroon-Bamileke;8;Africa, West and Central;AFR;Africa;N;1;Y;;4.72603;11.0982
CM;Cameroon;10557;100733;Bafumen;Bafumen;70000;4;N;N;bfm;Mmen;4;1;Christianity;73;50-100%;3;2-5%;A013;22;Sub-Saharan Peoples;333;C0257;Bantu, Cameroon-Bamileke;8;Africa, West and Central;AFR;Africa;N;1;Y;;6.43871;10.25519
CM;Cameroon;14926;108972;Baggara, Shuwa Arab;Baggara, Shuwa Arab;214000;1;Y;Y;shu;Arabic, Chadian;5;6;Islam;0.019;0-0.1%;0.016;0-0.1%;A001;10;Arab World;116;C0018;Arab, Shuwa;8;Africa, West and Central;AFR;Africa;N;7;N;4;12.43351;14.60394
CM;Cameroon;18820;114591;Bagyele;Bagyele;6500;4;N;N;gyi;Gyeli;3;4;Ethnic Religions;46.8;10-50%;8;5-10%;A013;22;Sub-Saharan Peoples;273;C0184;Pygmy;8;Africa, West and Central;AFR;Africa;N;1;Y;;2.81808;10.34074
CM;Cameroon;10589;100814;Bakaka;Bakaka;64000;5;N;N;bqz;Bakaka;2;1;Christianity;75;50-100%;15;10-50%;A013;22;Sub-Saharan Peoples;140;C0044;Benue;8;Africa, West and Central;AFR;Africa;N;1;Y;;4.77921;9.81829
CM;Cameroon;10593;100822;Bakoko;Bakoko, Basoo;166000;4;N;N;bkh;Bakoko;4;1;Christianity;70;50-100%;2.5;2-5%;A013;22;Sub-Saharan Peoples;347;C0271;Bantu, Northwest;8;Africa, West and Central;AFR;Africa;N;1;Y;;3.48699;9.99965
CM;Cameroon;10594;100823;Bakole;Bakole, Bamusso;1000;3;N;N;fra;French;5;1;Christianity;74;50-100%;1;0.1-2%;A013;22;Sub-Saharan Peoples;347;C0271;Bantu, Northwest;8;Africa, West and Central;AFR;Africa;N;1;Y;;4.42941;8.95517
CM;Cameroon;10595;100824;Bakossi;Bakossi;199000;4;N;N;bss;Akoose;4;1;Christianity;70;50-100%;10;5-10%;A013;22;Sub-Saharan Peoples;347;C0271;Bantu, Northwest;8;Africa, West and Central;AFR;Africa;N;1;Y;;4.94936;9.65544
CM;Cameroon;12903;105512;Bakoum;Bakoum;20000;4;N;N;kwu;Kwakum;2;1;Christianity;70;50-100%;2.5;2-5%;A013;22;Sub-Saharan Peoples;334;C0258;Bantu, Central-Congo;8;Africa, West and Central;AFR;Africa;N;1;Y;;4.32325;13.64727
CM;Cameroon;10599;100830;Bakwele;Bakwele;1900;3;N;N;bkw;Bekwel;4;1;Christianity;66;50-100%;0.4;0.1-2%;A013;22;Sub-Saharan Peoples;334;C0258;Bantu, Central-Congo;8;Africa, West and Central;AFR;Africa;N;3;N;;2.05253;15.15954
CM;Cameroon;18767;114439;Bali, Mungaka;Bali, Mungaka;166000;4;N;N;mhk;Mungaka;5;4;Ethnic Religions;30;10-50%;6;5-10%;A013;22;Sub-Saharan Peoples;333;C0257;Bantu, Cameroon-Bamileke;8;Africa, West and Central;AFR;Africa;N;1;Y;;5.90531;10.01838
CM;Cameroon;10609;100854;Balo;Balo;4600;4;N;N;bqo;Balo;1;1;Christianity;66;50-100%;3;2-5%;A013;22;Sub-Saharan Peoples;140;C0044;Benue;8;Africa, West and Central;AFR;Africa;N;1;Y;;6.1284;9.69858
CM;Cameroon;10612;100919;Bamali;Bamali, Ngoobechop;18000;3;N;N;bbq;Chopechop;3;1;Christianity;70;50-100%;2;0.1-2%;A013;22;Sub-Saharan Peoples;333;C0257;Bantu, Cameroon-Bamileke;8;Africa, West and Central;AFR;Africa;N;1;Y;;5.91692;10.45196
CM;Cameroon;10615;100923;Bambalang;Bambalang;48000;4;N;N;bmo;Chrambo;4;1;Christianity;74;50-100%;3;2-5%;A013;22;Sub-Saharan Peoples;333;C0257;Bantu, Cameroon-Bamileke;8;Africa, West and Central;AFR;Africa;N;1;Y;;5.85899;10.54399
CM;Cameroon;10618;100926;Bambili;Bambili;32000;4;N;N;baw;Bambili-Bambui;2;1;Christianity;70;50-100%;3;2-5%;A013;22;Sub-Saharan Peoples;333;C0257;Bantu, Cameroon-Bamileke;8;Africa, West and Central;AFR;Africa;N;1;Y;;6.10567;10.22428
CM;Cameroon;10619;100928;Bamenyam;Bamenyam, Bagam;9400;4;N;N;bce;Mengambo;2;1;Christianity;74;50-100%;5;2-5%;A013;22;Sub-Saharan Peoples;333;C0257;Bantu, Cameroon-Bamileke;8;Africa, West and Central;AFR;Africa;N;1;Y;;5.76956;10.3337
CM;Cameroon;10622;100931;Bamileke-Bakwa, Bakoa;Bamileke-Bakwa, Bakoa;2300;3;N;N;bko;Nsiteu;2;1;Christianity;70;50-100%;1;0.1-2%;A013;22;Sub-Saharan Peoples;333;C0257;Bantu, Cameroon-Bamileke;8;Africa, West and Central;AFR;Africa;N;1;Y;;4.88679;10.34381
CM;Cameroon;10623;100932;Bamileke-Bamenjou;Bamileke-Bamenjou;334000;4;N;N;bbj;Ghomala;4;1;Christianity;75;50-100%;7;5-10%;A013;22;Sub-Saharan Peoples;333;C0257;Bantu, Cameroon-Bamileke;8;Africa, West and Central;AFR;Africa;N;1;Y;;5.39619;10.35202
CM;Cameroon;10624;100933;Bamileke-Bandjoun, Ghomala;Bamileke-Bandjoun, Ghomala;924000;4;N;N;bbj;Ghomala;4;1;Christianity;74;50-100%;8;5-10%;A013;22;Sub-Saharan Peoples;333;C0257;Bantu, Cameroon-Bamileke;8;Africa, West and Central;AFR;Africa;N;1;Y;;5.39619;10.35202
CM;Cameroon;10625;100934;Bamileke-Batcham;Bamileke-Batcham;484000;4;N;N;nnh;Ngiemboon;5;1;Christianity;76;50-100%;6;5-10%;A013;22;Sub-Saharan Peoples;333;C0257;Bantu, Cameroon-Bamileke;8;Africa, West and Central;AFR;Africa;N;1;Y;;5.56302;10.12333
CM;Cameroon;10620;100929;Bamileke-Fefe;Bamileke-Fefe, Bafang;234000;4;N;N;fmp;Fefe;3;1;Christianity;75;50-100%;5;2-5%;A013;22;Sub-Saharan Peoples;333;C0257;Bantu, Cameroon-Bamileke;8;Africa, West and Central;AFR;Africa;N;1;Y;;5.17665;10.14903
CM;Cameroon;10626;100935;Bamileke-Medumba;Bamileke-Medumba;538000;4;N;N;byv;Medumba;5;1;Christianity;74;50-100%;10;5-10%;A013;22;Sub-Saharan Peoples;333;C0257;Bantu, Cameroon-Bamileke;8;Africa, West and Central;AFR;Africa;N;1;Y;;5.08656;10.57132
CM;Cameroon;10621;100930;Bamileke-Ndanda;Bamileke-Ndanda;26000;4;N;N;nnz;Nda'nda';2;1;Christianity;76;50-100%;3.5;2-5%;A013;22;Sub-Saharan Peoples;333;C0257;Bantu, Cameroon-Bamileke;8;Africa, West and Central;AFR;Africa;N;1;Y;;5.17392;10.36754
CM;Cameroon;10627;100936;Bamileke-Ngombale;Bamileke-Ngombale, Babadjou;109000;4;N;N;nla;Ngombale;4;1;Christianity;74;50-100%;5;2-5%;A013;22;Sub-Saharan Peoples;333;C0257;Bantu, Cameroon-Bamileke;8;Africa, West and Central;AFR;Africa;N;1;Y;;5.70497;10.14372
CM;Cameroon;10628;100937;Bamileke-Tchang;Bamileke-Tchang;750000;4;N;N;ybb;Yemba;4;1;Christianity;72;50-100%;8;5-10%;A013;22;Sub-Saharan Peoples;333;C0257;Bantu, Cameroon-Bamileke;8;Africa, West and Central;AFR;Africa;N;1;Y;;5.451;10.0309
CM;Cameroon;10630;100939;Bamukumbit;Bamukumbit;20000;4;N;N;bqt;Mankong;3;1;Christianity;76;50-100%;5;2-5%;A013;22;Sub-Saharan Peoples;140;C0044;Benue;8;Africa, West and Central;AFR;Africa;N;1;Y;;5.88233;10.33985
CM;Cameroon;10633;100943;Banagere;Banagere, Iyon;46000;4;N;N;iyo;Mesaka;2;1;Christianity;72;50-100%;6;5-10%;A013;22;Sub-Saharan Peoples;140;C0044;Benue;8;Africa, West and Central;AFR;Africa;N;1;Y;;6.32208;9.87508
CM;Cameroon;10634;100945;Banana, Mussei;Banana, Mussei;84000;5;N;N;mse;Musey;5;4;Ethnic Religions;40;10-50%;12;10-50%;A013;22;Sub-Saharan Peoples;158;C0062;Chadic  ;8;Africa, West and Central;AFR;Africa;N;2;N;;9.98683;15.37576
CM;Cameroon;13277;107156;Bandem;Bandem;20000;2;N;N;nml;Ndemli;2;6;Islam;30;10-50%;0.7;0.1-2%;A013;22;Sub-Saharan Peoples;333;C0257;Bantu, Cameroon-Bamileke;8;Africa, West and Central;AFR;Africa;N;1;Y;;4.67108;10.21929
CM;Cameroon;10647;100978;Bangando;Bangandu;10000;4;N;N;bgf;Bangandu;3;1;Christianity;69;50-100%;3;2-5%;A013;22;Sub-Saharan Peoples;334;C0258;Bantu, Central-Congo;8;Africa, West and Central;AFR;Africa;N;2;Y;;2.29884;15.34668
CM;Cameroon;10652;100986;Bango;Bango;8200;3;N;N;baf;Nubaca;2;1;Christianity;62;50-100%;0.4;0.1-2%;A013;22;Sub-Saharan Peoples;347;C0271;Bantu, Northwest;8;Africa, West and Central;AFR;Africa;N;1;Y;;4.36358;11.04535
CM;Cameroon;10654;100988;Bangolan;Bangolan;22000;2;N;N;bgj;Mendenkye;3;6;Islam;40;10-50%;2;0.1-2%;A013;22;Sub-Saharan Peoples;333;C0257;Bantu, Cameroon-Bamileke;8;Africa, West and Central;AFR;Africa;N;1;Y;;6.01285;10.66486
CM;Cameroon;14048;107485;Nso;Banso, Nso;401000;5;N;N;lns;Lamnso';5;1;Christianity;71;50-100%;12;10-50%;A013;22;Sub-Saharan Peoples;333;C0257;Bantu, Cameroon-Bamileke;8;Africa, West and Central;AFR;Africa;N;2;Y;;6.19135;10.80252
CM;Cameroon;10694;101081;Barombi;Barombi, Lambi;5800;4;N;N;bbi;Barombi;2;4;Ethnic Religions;25;10-50%;3;2-5%;A013;22;Sub-Saharan Peoples;347;C0271;Bantu, Northwest;8;Africa, West and Central;AFR;Africa;N;1;Y;;4.64008;9.2535
CM;Cameroon;19155;115045;Basaa, Cameroon;Basaa, Cameroon;501000;5;N;N;bas;Basaa;5;1;Christianity;73;50-100%;13;10-50%;A013;22;Sub-Saharan Peoples;347;C0271;Bantu, Northwest;8;Africa, West and Central;AFR;Africa;N;1;Y;;3.94855;10.45646
CM;Cameroon;18922;114895;Bassar, Ntcham;Bassar, Ntcham;3200;2;N;N;bud;Ntcham;5;4;Ethnic Religions;18;10-50%;1.5;0.1-2%;A013;22;Sub-Saharan Peoples;183;C0087;Gur;8;Africa, West and Central;AFR;Africa;N;3;N;;5.907292;9.583813
CM;Cameroon;10712;101115;Bassossi;Bassossi, Sosi;9400;4;N;N;bsi;Bassossi;2;1;Christianity;72;50-100%;3;2-5%;A013;22;Sub-Saharan Peoples;347;C0271;Bantu, Northwest;8;Africa, West and Central;AFR;Africa;N;1;Y;;5.28137;9.55139
CM;Cameroon;10724;101130;Batangan;Batangan;15000;4;N;N;bnm;Batanga;3;1;Christianity;74;50-100%;8;5-10%;A013;22;Sub-Saharan Peoples;347;C0271;Bantu, Northwest;8;Africa, West and Central;AFR;Africa;N;2;N;;2.74659;9.93167
CM;Cameroon;10714;101119;Bate;Bate;17000;4;N;N;bta;Bata;2;6;Islam;15;10-50%;8;5-10%;A013;22;Sub-Saharan Peoples;158;C0062;Chadic  ;8;Africa, West and Central;AFR;Africa;N;2;N;;8.94949;12.8944
CM;Cameroon;19165;115235;Bati, Bush Bati;Bati, Bush Bati;3300;4;N;N;btc;Bati (Cameroon);2;1;Christianity;74;50-100%;3;2-5%;A013;22;Sub-Saharan Peoples;347;C0271;Bantu, Northwest;8;Africa, West and Central;AFR;Africa;N;1;Y;;4.28472;11.05969
CM;Cameroon;19336;115048;Beba;Beba;5900;2;N;N;bfp;Beba;2;4;Ethnic Religions;40;10-50%;2;0.1-2%;A013;22;Sub-Saharan Peoples;140;C0044;Benue;8;Africa, West and Central;AFR;Africa;N;1;Y;;6.3314;9.7415
CM;Cameroon;10750;101181;Bebe;Bebe;5000;3;N;N;bzv;Naami;4;1;Christianity;61;50-100%;0.4;0.1-2%;A013;22;Sub-Saharan Peoples;140;C0044;Benue;8;Africa, West and Central;AFR;Africa;N;1;Y;;6.74715;10.573
CM;Cameroon;10751;101182;Bebele;Bebele;109000;4;N;N;beb;Bebele;2;1;Christianity;70;50-100%;2.4;2-5%;A013;22;Sub-Saharan Peoples;334;C0258;Bantu, Central-Congo;8;Africa, West and Central;AFR;Africa;N;1;Y;;4.79584;12.85126
CM;Cameroon;10753;101184;Bebil;Bebil;15000;3;N;N;bxp;Bebil;2;1;Christianity;69;50-100%;0.7;0.1-2%;A013;22;Sub-Saharan Peoples;334;C0258;Bantu, Central-Congo;8;Africa, West and Central;AFR;Africa;N;1;Y;;4.85521;13.36527
CM;Cameroon;13692;106568;Becheve;Becheve;18000;4;N;N;bec;Iceve-Maci;3;4;Ethnic Religions;35;10-50%;10;5-10%;A013;22;Sub-Saharan Peoples;140;C0044;Benue;8;Africa, West and Central;AFR;Africa;N;2;Y;;6.33059;9.50422
CM;Cameroon;10761;101199;Beezen;Beezen;900;2;N;N;bnz;Beezen;1;4;Ethnic Religions;45;10-50%;0.3;0.1-2%;A013;22;Sub-Saharan Peoples;140;C0044;Benue;8;Africa, West and Central;AFR;Africa;N;1;Y;;6.81627;10.10574
CM;Cameroon;10778;101236;Belip;Belip;21000;3;N;N;ekm;Nulibie;4;1;Christianity;60;50-100%;0.7;0.1-2%;A013;22;Sub-Saharan Peoples;347;C0271;Bantu, Northwest;8;Africa, West and Central;AFR;Africa;N;1;Y;;4.46563;11.19792
CM;Cameroon;10797;101265;Benyi;Benyi;9900;3;N;N;mmu;Numala;4;1;Christianity;69;50-100%;0.6;0.1-2%;A013;22;Sub-Saharan Peoples;347;C0271;Bantu, Northwest;8;Africa, West and Central;AFR;Africa;N;1;Y;;4.52303;11.06658
CM;Cameroon;10820;101303;Betsinga;Betsinga, Sanaga;86000;4;N;N;bag;Tuki;4;1;Christianity;75;50-100%;7;5-10%;A013;22;Sub-Saharan Peoples;140;C0044;Benue;8;Africa, West and Central;AFR;Africa;N;1;Y;;4.75819;11.40884
CM;Cameroon;10831;101413;Biba-Befang;Biba-Befang;5700;4;N;N;bby;Befang;2;1;Christianity;74;50-100%;7;5-10%;A013;22;Sub-Saharan Peoples;140;C0044;Benue;8;Africa, West and Central;AFR;Africa;N;1;Y;;6.27964;10.02832
CM;Cameroon;10841;101434;Bikele-Bikay;Bikele-Bikay;19000;3;N;N;biw;Kol (Cameroon);2;1;Christianity;70;50-100%;2;0.1-2%;A013;22;Sub-Saharan Peoples;334;C0258;Bantu, Central-Congo;8;Africa, West and Central;AFR;Africa;N;1;Y;;3.65395;12.82155
CM;Cameroon;10884;101502;Bitare;Bitare;12000;4;N;N;brt;Bitare;2;1;Christianity;74;50-100%;7;5-10%;A013;22;Sub-Saharan Peoples;140;C0044;Benue;8;Africa, West and Central;AFR;Africa;N;2;N;;6.73336;11.849
CM;Cameroon;10899;101524;Bobe;Bobe;2300;3;N;N;bbx;Bubia;0;1;Christianity;70;50-100%;1.5;0.1-2%;A013;22;Sub-Saharan Peoples;347;C0271;Bantu, Northwest;8;Africa, West and Central;AFR;Africa;N;1;Y;;4.03026;9.24256
CM;Cameroon;10910;101556;Bokwa-Kendem;Bokwa-Kendem;3000;3;N;N;kvm;Kendem;1;1;Christianity;66;50-100%;2;0.1-2%;A013;22;Sub-Saharan Peoples;333;C0257;Bantu, Cameroon-Bamileke;8;Africa, West and Central;AFR;Africa;N;1;Y;;5.77348;9.62748
CM;Cameroon;10911;101557;Bokyi;Bokyi, Boki;8300;4;N;N;bky;Bokyi;5;1;Christianity;73;50-100%;5;2-5%;A013;22;Sub-Saharan Peoples;140;C0044;Benue;8;Africa, West and Central;AFR;Africa;N;2;N;;5.97274;9.10291
CM;Cameroon;10925;101580;Bomboko;Bomboko;9500;3;N;N;bqm;Wumboko;3;1;Christianity;66;50-100%;1.5;0.1-2%;A013;22;Sub-Saharan Peoples;347;C0271;Bantu, Northwest;8;Africa, West and Central;AFR;Africa;N;1;Y;;4.27515;9.08758
CM;Cameroon;10928;101585;Bomwali;Bomwali;12000;3;N;N;bmw;Bomwali;2;1;Christianity;69;50-100%;1;0.1-2%;A013;22;Sub-Saharan Peoples;334;C0258;Bantu, Central-Congo;8;Africa, West and Central;AFR;Africa;N;2;N;;1.90302;15.82929
CM;Cameroon;19337;115054;Bonkeng;Bonkeng;6000;4;N;N;bvg;Bonkeng;2;4;Ethnic Religions;40;10-50%;4;2-5%;A013;22;Sub-Saharan Peoples;140;C0044;Benue;8;Africa, West and Central;AFR;Africa;N;1;Y;;4.64327;9.75985
CM;Cameroon;11007;101731;Bulu Fang;Bulu Fang;1414000;5;N;N;bum;Bulu (Cameroon);5;1;Christianity;72;50-100%;10.748;10-50%;A013;22;Sub-Saharan Peoples;334;C0258;Bantu, Central-Congo;8;Africa, West and Central;AFR;Africa;N;2;Y;;3.231591208;11.69624844
CM;Cameroon;11008;101733;Bulu-Ewondo Creole;Bulu-Ewondo Creole;64000;4;N;N;ewo;Ewondo;5;1;Christianity;68;50-100%;7;5-10%;A013;22;Sub-Saharan Peoples;334;C0258;Bantu, Central-Congo;8;Africa, West and Central;AFR;Africa;N;1;Y;;3.16141;11.63646
CM;Cameroon;11009;101734;Bum;Bum;43000;5;N;N;bmv;Bum;4;1;Christianity;74;50-100%;20;10-50%;A013;22;Sub-Saharan Peoples;333;C0257;Bantu, Cameroon-Bamileke;8;Africa, West and Central;AFR;Africa;N;1;Y;;6.48599;10.42003
CM;Cameroon;11040;101795;Busam;Busam;3100;3;N;N;bxs;Busam;1;1;Christianity;70;50-100%;1.5;0.1-2%;A013;22;Sub-Saharan Peoples;333;C0257;Bantu, Cameroon-Bamileke;8;Africa, West and Central;AFR;Africa;N;1;Y;;5.86208;9.68104
CM;Cameroon;10975;101682;Buu;Buu;300;3;N;N;boe;Mundabli;1;1;Christianity;62;50-100%;0.3;0.1-2%;A013;22;Sub-Saharan Peoples;140;C0044;Benue;8;Africa, West and Central;AFR;Africa;N;1;Y;;6.57873;10.271
CM;Cameroon;11050;101813;Buwal;Buwal;14000;2;N;N;bhs;Buwal;4;4;Ethnic Religions;35;10-50%;1.2;0.1-2%;A013;22;Sub-Saharan Peoples;158;C0062;Chadic  ;8;Africa, West and Central;AFR;Africa;N;1;Y;;10.61134;13.88165
CM;Cameroon;11079;101853;Cala;Cala;16000;3;N;N;ckx;Caka;1;1;Christianity;70;50-100%;1.3;0.1-2%;A013;22;Sub-Saharan Peoples;140;C0044;Benue;8;Africa, West and Central;AFR;Africa;N;1;Y;;6.27047;9.7832
CM;Cameroon;11083;101859;Cameroonian Creole;Cameroonian Creole;1606000;5;N;N;wes;Pidgin, Cameroon;4;1;Christianity;67;50-100%;19.108;10-50%;A013;22;Sub-Saharan Peoples;262;C0173;Sub-Saharan African, other;8;Africa, West and Central;AFR;Africa;N;2;Y;;5.43932;9.80166
CM;Cameroon;19344;115780;Cameroonian Creole, Detribalized;Cameroonian Creole, Detribalized;1801000;5;N;N;fra;French;5;1;Christianity;67;50-100%;16.719;10-50%;A013;22;Sub-Saharan Peoples;262;C0173;Sub-Saharan African, other;8;Africa, West and Central;AFR;Africa;N;2;Y;;4.790771439;9.422225138
CM;Cameroon;11298;101993;Chamba Daka;Chamba Daka;33000;4;N;N;ccg;Samba Daka;3;1;Christianity;50;10-50%;4;2-5%;A013;22;Sub-Saharan Peoples;140;C0044;Benue;8;Africa, West and Central;AFR;Africa;N;2;N;;8.611083782;12.46352235
CM;Cameroon;11299;101994;Chamba Leko;Chamba Leko;58000;4;N;N;ndi;Samba Leko;4;6;Islam;40.56;10-50%;9;5-10%;A013;22;Sub-Saharan Peoples;140;C0044;Benue;8;Africa, West and Central;AFR;Africa;N;2;N;;8.4214;12.45515
CM;Cameroon;22322;119325;Chung;Chung;2600;4;N;N;cnq;Chung (Cameroon);4;1;Christianity;60;50-100%;5;2-5%;A013;22;Sub-Saharan Peoples;140;C0044;Benue;8;Africa, West and Central;AFR;Africa;N;1;Y;;6.55;10.37
CM;Cameroon;11450;102338;Cuvok;Cuvok;16000;4;N;N;cuv;Cuvok;4;1;Christianity;70;50-100%;4;2-5%;A013;22;Sub-Saharan Peoples;158;C0062;Chadic  ;8;Africa, West and Central;AFR;Africa;N;1;Y;;10.64576;14.00157
CM;Cameroon;11460;102351;Daba;Daba, Daba Kola;40000;2;N;N;dbq;Daba;4;6;Islam;7;5-10%;1.5;0.1-2%;A013;22;Sub-Saharan Peoples;158;C0062;Chadic  ;8;Africa, West and Central;AFR;Africa;N;2;Y;;10.19458;13.90037
CM;Cameroon;19007;114916;Deaf;Deaf;258000;1;Y;Y;xxx;Language unknown;0;9;Unknown;0;0-0.1%;0;0-0.1%;A017;26;Deaf;328;C0252;Deaf;8;Africa, West and Central;AFR;Africa;N;164;Y;5;3.898052543;11.52868386
CM;Cameroon;11526;102501;Dek;Dek;5900;2;N;N;dek;Dek;0;6;Islam;33;10-50%;0.8;0.1-2%;A013;22;Sub-Saharan Peoples;102;C0003;Adamawa-Ubangi;8;Africa, West and Central;AFR;Africa;N;1;Y;;11.01828;14.48328
CM;Cameroon;10360;100403;Denya, Anyang;Denya, Anyang;37000;5;N;N;anv;Denya;4;1;Christianity;70;50-100%;12;10-50%;A013;22;Sub-Saharan Peoples;333;C0257;Bantu, Cameroon-Bamileke;8;Africa, West and Central;AFR;Africa;N;1;Y;;5.99999;9.3893
CM;Cameroon;11542;102547;Dghwede;Dghwede;5400;5;N;N;dgh;Dghwede;4;6;Islam;30;10-50%;25;10-50%;A013;22;Sub-Saharan Peoples;158;C0062;Chadic  ;8;Africa, West and Central;AFR;Africa;N;2;N;;11.005476;13.903376
CM;Cameroon;11558;102609;Dii;Dii, Yag Dii;74000;2;N;N;dur;Dii;4;1;Christianity;45;10-50%;1.3;0.1-2%;A013;22;Sub-Saharan Peoples;102;C0003;Adamawa-Ubangi;8;Africa, West and Central;AFR;Africa;N;1;Y;;8.00336;14.01575
CM;Cameroon;20518;102611;Dimbong;Dimbong;62000;3;N;N;dii;Dimbong;0;1;Christianity;55;50-100%;1;0.1-2%;A013;22;Sub-Saharan Peoples;347;C0271;Bantu, Northwest;8;Africa, West and Central;AFR;Africa;N;1;Y;;4.80551;10.9888
CM;Cameroon;11575;102641;Djanti;Djanti;3600;3;N;N;ngy;Tibea;3;1;Christianity;69;50-100%;0.6;0.1-2%;A013;22;Sub-Saharan Peoples;347;C0271;Bantu, Northwest;8;Africa, West and Central;AFR;Africa;N;1;Y;;5.29217;11.31603
CM;Cameroon;11618;102727;Dowayayo;Dowayayo, Namshi;55000;2;N;N;dow;Doyayo;4;4;Ethnic Religions;26;10-50%;2;0.1-2%;A013;22;Sub-Saharan Peoples;102;C0003;Adamawa-Ubangi;8;Africa, West and Central;AFR;Africa;N;1;Y;;8.61989;13.089
CM;Cameroon;11622;102735;Duala;Duala, Uli;291000;5;N;N;dua;Duala;5;1;Christianity;76;50-100%;14;10-50%;A013;22;Sub-Saharan Peoples;347;C0271;Bantu, Northwest;8;Africa, West and Central;AFR;Africa;N;1;Y;;4.17282;9.59421
CM;Cameroon;11629;102747;Dugun, Saa;Dugun, Saa;15000;4;N;N;ndu;Dugun;3;1;Christianity;46.8;10-50%;5;2-5%;A013;22;Sub-Saharan Peoples;102;C0003;Adamawa-Ubangi;8;Africa, West and Central;AFR;Africa;N;1;Y;;8.38982;13.40769
CM;Cameroon;11632;102750;Dugwor;Dugwor;10000;2;N;N;dme;Dugwor;2;6;Islam;25;10-50%;0.1;0-0.1%;A013;22;Sub-Saharan Peoples;158;C0062;Chadic  ;8;Africa, West and Central;AFR;Africa;N;1;Y;;10.74965;14.21546
CM;Cameroon;11639;102762;Dumbule;Dumbule;200;2;N;N;mlb;Mbule;2;1;Christianity;50;10-50%;1;0.1-2%;A013;22;Sub-Saharan Peoples;347;C0271;Bantu, Northwest;8;Africa, West and Central;AFR;Africa;N;1;Y;;4.50406;10.99442
CM;Cameroon;11662;102793;Duupa;Duupa;13000;4;N;N;dae;Duupa;3;6;Islam;40;10-50%;5;2-5%;A013;22;Sub-Saharan Peoples;102;C0003;Adamawa-Ubangi;8;Africa, West and Central;AFR;Africa;N;1;Y;;8.54526;13.44687
CM;Cameroon;10157;100060;Dzodinka;Dzodinka;5000;3;N;N;add;Lidzonka;3;1;Christianity;62;50-100%;0.4;0.1-2%;A013;22;Sub-Saharan Peoples;333;C0257;Bantu, Cameroon-Bamileke;8;Africa, West and Central;AFR;Africa;N;2;Y;;6.70986;10.88863
CM;Cameroon;11715;102872;Efai;Efai;1300;4;N;N;efa;Efai;2;1;Christianity;94;50-100%;6;5-10%;A013;22;Sub-Saharan Peoples;140;C0044;Benue;8;Africa, West and Central;AFR;Africa;N;2;N;;3.817383;11.485502
CM;Cameroon;11717;102874;Efik;Efik, Calabari;19000;5;N;N;efi;Efik;5;1;Christianity;62;50-100%;16;10-50%;A013;22;Sub-Saharan Peoples;140;C0044;Benue;8;Africa, West and Central;AFR;Africa;N;3;N;;5.712179002;8.953033031
CM;Cameroon;11728;102887;Ejagham;Ejagham, Ekoi;106000;5;N;N;etu;Ejagham;4;1;Christianity;74;50-100%;12;10-50%;A013;22;Sub-Saharan Peoples;140;C0044;Benue;8;Africa, West and Central;AFR;Africa;N;2;Y;;5.60485;9.10334
CM;Cameroon;11748;102909;Eman;Eman;2100;3;N;N;emn;Eman;1;1;Christianity;62;50-100%;0.3;0.1-2%;A013;22;Sub-Saharan Peoples;140;C0044;Benue;8;Africa, West and Central;AFR;Africa;N;1;Y;;6.22164;9.70254
CM;Cameroon;19208;101861;English-Speaking, general;English-speaking, general;6600;4;N;N;eng;English;5;1;Christianity;65;50-100%;8;5-10%;A009;18;North American Peoples;109;C0011;Anglo-American;8;Africa, West and Central;AFR;Africa;N;8;N;;6.35467;10.33948
CM;Cameroon;10174;100105;Esimbi;Esimbi;31000;5;N;N;ags;Esimbi;4;4;Ethnic Religions;25;10-50%;20;10-50%;A013;22;Sub-Saharan Peoples;333;C0257;Bantu, Cameroon-Bamileke;8;Africa, West and Central;AFR;Africa;N;2;Y;;6.50469;9.8546
CM;Cameroon;11160;102961;Eton;Eton;418000;4;N;N;eto;Eton (Cameroon);3;1;Christianity;74;50-100%;4;2-5%;A013;22;Sub-Saharan Peoples;334;C0258;Bantu, Central-Congo;8;Africa, West and Central;AFR;Africa;N;1;Y;;4.19614;11.40693
CM;Cameroon;11166;102968;Evand;Evand;2200;3;N;N;bzz;Evant;2;1;Christianity;66;50-100%;0.5;0.1-2%;A013;22;Sub-Saharan Peoples;140;C0044;Benue;8;Africa, West and Central;AFR;Africa;N;2;Y;;6.22728;9.41846
CM;Cameroon;11170;102975;Ewondo;Ewondo, Beti;2299000;5;N;N;ewo;Ewondo;5;1;Christianity;71;50-100%;21.496;10-50%;A013;22;Sub-Saharan Peoples;334;C0258;Bantu, Central-Congo;8;Africa, West and Central;AFR;Africa;N;1;Y;;3.16141;11.63646
CM;Cameroon;10632;100941;Fali, Bana;Fali;37000;4;N;N;bcw;Bana;4;4;Ethnic Religions;12;10-50%;4;2-5%;A013;22;Sub-Saharan Peoples;158;C0062;Chadic  ;8;Africa, West and Central;AFR;Africa;N;2;Y;;10.3554;13.6189
CM;Cameroon;11182;102990;Fali of Jilbu;Fali of Jibu;300;4;N;N;ziz;Zizilivakan;2;1;Christianity;75;50-100%;4;2-5%;A013;22;Sub-Saharan Peoples;158;C0062;Chadic  ;8;Africa, West and Central;AFR;Africa;N;2;Y;;10.37399;13.54067
CM;Cameroon;13981;107401;Fali, North;Fali, North;53000;1;Y;N;fll;Fali, North;3;6;Islam;3;2-5%;2;0.1-2%;A013;22;Sub-Saharan Peoples;102;C0003;Adamawa-Ubangi;8;Africa, West and Central;AFR;Africa;N;1;Y;1;9.92232;13.66252
CM;Cameroon;11183;102991;Fali, South;Fali, South;66000;2;N;N;fal;Fali, South;4;6;Islam;12;10-50%;1.5;0.1-2%;A013;22;Sub-Saharan Peoples;158;C0062;Chadic  ;8;Africa, West and Central;AFR;Africa;N;1;Y;;9.4932;13.62491
CM;Cameroon;19661;115095;Fang, Benjube Fenga;Fang, Benjube Fenga;5700;4;N;N;fak;Fang (Cameroon);1;1;Christianity;61;50-100%;3;2-5%;A013;22;Sub-Saharan Peoples;140;C0044;Benue;8;Africa, West and Central;AFR;Africa;N;1;Y;;6.54575;10.31349
CM;Cameroon;11187;102997;Fang, Pangwe;Fang, Ntum;211000;4;N;N;fan;Fang (Equatorial Guinea);5;1;Christianity;74;50-100%;5;2-5%;A013;22;Sub-Saharan Peoples;334;C0258;Bantu, Central-Congo;8;Africa, West and Central;AFR;Africa;N;5;Y;;3.223407217;11.69954685
CM;Cameroon;11234;103059;French;French;49000;3;N;N;fra;French;5;1;Christianity;59;50-100%;0.3;0.1-2%;A003;12;Eurasian Peoples;172;C0076;French;8;Africa, West and Central;AFR;Africa;N;82;N;;4.786230156;9.419897905
CM;Cameroon;11774;103079;Fulani, Adamawa;Fulani, Adamawa;2938000;1;Y;Y;fub;Fulfulde, Adamawa;5;6;Islam;0.05;0-0.1%;0.05;0-0.1%;A013;22;Sub-Saharan Peoples;173;C0077;Fulani / Fulbe;8;Africa, West and Central;AFR;Africa;N;6;Y;59;10.657325;14.410148
CM;Cameroon;10949;101622;Fulani, Nigerian;Fulani, Nigerian;93000;1;Y;Y;fuv;Fulfulde, Nigerian;4;6;Islam;0.05;0-0.1%;0.04;0-0.1%;A013;22;Sub-Saharan Peoples;173;C0077;Fulani / Fulbe;8;Africa, West and Central;AFR;Africa;N;3;N;2;11.70559;14.81338
CM;Cameroon;11875;103311;Fulbe-Gey;Fulbe-Gey;4600;1;Y;N;fub;Fulfulde, Adamawa;5;6;Islam;0.2;0.1-2%;0.1;0-0.1%;A013;22;Sub-Saharan Peoples;173;C0077;Fulani / Fulbe;8;Africa, West and Central;AFR;Africa;N;1;Y;1;9.287751215;13.39691603
CM;Cameroon;11781;103088;Fut;Fut, Bafut;151000;4;N;N;bfd;Bafut;4;1;Christianity;74;50-100%;6;5-10%;A013;22;Sub-Saharan Peoples;333;C0257;Bantu, Cameroon-Bamileke;8;Africa, West and Central;AFR;Africa;N;1;Y;;6.13677;10.13318
CM;Cameroon;11831;103250;Gavar;Gavar;22000;2;N;N;gou;Gavar;4;6;Islam;8;5-10%;1.8;0.1-2%;A013;22;Sub-Saharan Peoples;158;C0062;Chadic  ;8;Africa, West and Central;AFR;Africa;N;1;Y;;10.55912;13.82218
CM;Cameroon;19813;115015;Gbaya, Mbadomo;Gbaya, Mbadomo;38000;3;N;N;gmm;Gbaya-Mbodomo;3;1;Christianity;62;50-100%;1;0.1-2%;A013;22;Sub-Saharan Peoples;102;C0003;Adamawa-Ubangi;8;Africa, West and Central;AFR;Africa;N;1;Y;;4.77766;14.34221
CM;Cameroon;10742;101166;Gbaya, Northwest;Gbaya, Northwest;220000;5;N;N;gya;Gbaya, Northwest;5;1;Christianity;63;50-100%;20;10-50%;A013;22;Sub-Saharan Peoples;102;C0003;Adamawa-Ubangi;8;Africa, West and Central;AFR;Africa;N;4;N;;6.13273;13.94242
CM;Cameroon;11846;103273;Gbaya-Mum;Gbaya-Mum;8100;4;N;N;gya;Gbaya, Northwest;5;1;Christianity;61;50-100%;4;2-5%;A013;22;Sub-Saharan Peoples;102;C0003;Adamawa-Ubangi;8;Africa, West and Central;AFR;Africa;N;1;Y;;6.13273;13.94242
CM;Cameroon;11886;103359;Gidar;Gidar;179000;4;N;N;gid;Gidar;5;6;Islam;25;10-50%;6;5-10%;A013;22;Sub-Saharan Peoples;158;C0062;Chadic  ;8;Africa, West and Central;AFR;Africa;N;2;Y;;9.95349;14.00268
CM;Cameroon;11898;103377;Gimme;Gimme, Kompara;10000;2;N;N;kmp;Gimme;3;6;Islam;15;10-50%;2;0.1-2%;A013;22;Sub-Saharan Peoples;102;C0003;Adamawa-Ubangi;8;Africa, West and Central;AFR;Africa;N;1;Y;;8.57896;12.66834
CM;Cameroon;11899;103378;Gimnime;Gimnime, Kadam;9500;2;N;N;gmn;Gimnime;3;6;Islam;15;10-50%;2;0.1-2%;A013;22;Sub-Saharan Peoples;102;C0003;Adamawa-Ubangi;8;Africa, West and Central;AFR;Africa;N;1;Y;;8.59578;12.77921
CM;Cameroon;13982;107402;Giziga, North;Giziga, North;67000;4;N;N;gis;Giziga, North;3;1;Christianity;59;50-100%;6;5-10%;A013;22;Sub-Saharan Peoples;158;C0062;Chadic  ;8;Africa, West and Central;AFR;Africa;N;1;Y;;10.6888;14.22968
CM;Cameroon;15014;109445;Giziga, South;Giziga, South;154000;1;Y;N;giz;Giziga;5;4;Ethnic Religions;5;2-5%;1.3;0.1-2%;A013;22;Sub-Saharan Peoples;158;C0062;Chadic  ;8;Africa, West and Central;AFR;Africa;N;1;Y;3;10.31267;14.17784
CM;Cameroon;11908;103392;Glavda;Glavda;9600;4;N;N;glw;Glavda;3;4;Ethnic Religions;35;10-50%;10;5-10%;A013;22;Sub-Saharan Peoples;158;C0062;Chadic  ;8;Africa, West and Central;AFR;Africa;N;2;Y;;11.07052;13.86677
CM;Cameroon;11942;103480;Greek;Greek;5800;3;N;N;ell;Greek;5;1;Christianity;74;50-100%;0.2;0.1-2%;A003;12;Eurasian Peoples;178;C0082;Greek;8;Africa, West and Central;AFR;Africa;N;41;N;;3.854927;11.576758
CM;Cameroon;11970;103520;Gude;Gude, Cheke;93000;4;N;N;gde;Gude;4;4;Ethnic Religions;10;5-10%;5;2-5%;A013;22;Sub-Saharan Peoples;158;C0062;Chadic  ;8;Africa, West and Central;AFR;Africa;N;2;Y;;10.09343;13.43058
CM;Cameroon;11972;103526;Guduf;Guduf;5900;4;N;N;gdf;Guduf-Gava;3;6;Islam;40;10-50%;2.5;2-5%;A013;22;Sub-Saharan Peoples;158;C0062;Chadic  ;8;Africa, West and Central;AFR;Africa;N;2;N;;11.099542;13.865599
CM;Cameroon;12070;103733;Hausa;Hausa;441000;1;Y;Y;hau;Hausa;5;6;Islam;0.1;0-0.1%;0.08;0-0.1%;A013;22;Sub-Saharan Peoples;186;C0090;Hausa;8;Africa, West and Central;AFR;Africa;N;16;N;9;4.06638;11.38454
CM;Cameroon;12077;103747;Hide, Xedi;Hide, Xedi;50000;5;N;N;xed;Hdi;4;6;Islam;20;10-50%;12;10-50%;A013;22;Sub-Saharan Peoples;158;C0062;Chadic  ;8;Africa, West and Central;AFR;Africa;N;2;Y;;10.91837;13.76897
CM;Cameroon;12101;103778;Hijuk;Hijuk;1000;3;N;N;hij;Hijuk;2;1;Christianity;62;50-100%;1;0.1-2%;A013;22;Sub-Saharan Peoples;347;C0271;Bantu, Northwest;8;Africa, West and Central;AFR;Africa;N;1;Y;;4.40676;10.91463
CM;Cameroon;12105;103787;Hina;Hina;21000;2;N;N;hna;Mina;3;6;Islam;15;10-50%;2;0.1-2%;A013;22;Sub-Saharan Peoples;158;C0062;Chadic  ;8;Africa, West and Central;AFR;Africa;N;1;Y;;10.37147;13.83069
CM;Cameroon;12164;103929;Hya;Hya;1800;3;N;N;hya;Hya;0;1;Christianity;82;50-100%;2;0.1-2%;A013;22;Sub-Saharan Peoples;158;C0062;Chadic  ;8;Africa, West and Central;AFR;Africa;N;2;Y;;10.48782;13.56438
CM;Cameroon;12171;103938;Ibibio;Ibibio;64000;5;N;N;ibb;Ibibio;5;1;Christianity;75;50-100%;20;10-50%;A013;22;Sub-Saharan Peoples;140;C0044;Benue;8;Africa, West and Central;AFR;Africa;N;4;N;;5.80541696;8.878425241
CM;Cameroon;12189;103963;Igbo;Igbo;127000;5;N;N;ibo;Igbo;5;1;Christianity;75;50-100%;20;10-50%;A013;22;Sub-Saharan Peoples;190;C0095;Igbo;8;Africa, West and Central;AFR;Africa;N;7;N;;4.016169107;9.210734803
CM;Cameroon;10463;100572;Ipulo, Assumbo;Ipulo, Assumbo;6600;4;N;N;ass;Ipulo;3;1;Christianity;74;50-100%;3;2-5%;A013;22;Sub-Saharan Peoples;140;C0044;Benue;8;Africa, West and Central;AFR;Africa;N;1;Y;;6.31069;9.63962
CM;Cameroon;12272;104095;Isu;Isu;24000;5;N;N;isu;Isu;4;1;Christianity;55;50-100%;13;10-50%;A013;22;Sub-Saharan Peoples;140;C0044;Benue;8;Africa, West and Central;AFR;Africa;N;1;Y;;6.63731;9.96577
CM;Cameroon;12302;104132;Iyive;Iyive;1900;5;N;N;uiv;Iyive;2;1;Christianity;75;50-100%;20;10-50%;A013;22;Sub-Saharan Peoples;140;C0044;Benue;8;Africa, West and Central;AFR;Africa;N;2;Y;;6.40808;9.54248
CM;Cameroon;12359;104273;Jimi;Jimi;12000;4;N;N;jim;Jimjimen;3;6;Islam;15;10-50%;8;5-10%;A013;22;Sub-Saharan Peoples;158;C0062;Chadic  ;8;Africa, West and Central;AFR;Africa;N;1;Y;;10.24537;13.52991
CM;Cameroon;12360;104275;Jina;Jina;2800;2;N;N;jia;Jina;2;6;Islam;20;10-50%;1;0.1-2%;A013;22;Sub-Saharan Peoples;158;C0062;Chadic  ;8;Africa, West and Central;AFR;Africa;N;1;Y;;11.33073;14.94994
CM;Cameroon;12953;105586;Kabba-Laka;Kabba-Laka;9800;4;N;N;lap;Laka;4;1;Christianity;51;50-100%;10;5-10%;A013;22;Sub-Saharan Peoples;278;C0189;Sara-Bagirmi;8;Africa, West and Central;AFR;Africa;N;3;N;;8.189347;15.258278
CM;Cameroon;12436;104439;Kako;Kako;192000;5;N;N;kkj;Kako;4;1;Christianity;55;50-100%;13;10-50%;A013;22;Sub-Saharan Peoples;334;C0258;Bantu, Central-Congo;8;Africa, West and Central;AFR;Africa;N;3;Y;;4.28972;14.40211
CM;Cameroon;14049;107486;Kambu, Limbum;Kambu, Limbum;217000;5;N;N;lmp;Limbum;4;1;Christianity;75;50-100%;12;10-50%;A013;22;Sub-Saharan Peoples;333;C0257;Bantu, Cameroon-Bamileke;8;Africa, West and Central;AFR;Africa;N;2;Y;;6.49663;10.79361
CM;Cameroon;12474;104532;Kamkam;Kamkam;2500;4;N;N;bgu;Mbongno;1;6;Islam;30;10-50%;2.4;2-5%;A013;22;Sub-Saharan Peoples;140;C0044;Benue;8;Africa, West and Central;AFR;Africa;N;1;Y;;6.55787;11.47731
CM;Cameroon;12483;104546;Kamwe;Kamwe;12000;2;N;N;hig;Kamwe;5;4;Ethnic Religions;30;10-50%;0.9;0.1-2%;A013;22;Sub-Saharan Peoples;158;C0062;Chadic  ;8;Africa, West and Central;AFR;Africa;N;2;N;;10.69620847;13.61458775
CM;Cameroon;12509;104605;Kanuri, Yerwa;Kanuri, Yerwa;188000;1;Y;Y;knc;Kanuri, Yerwa;4;6;Islam;0.019;0-0.1%;0.016;0-0.1%;A013;22;Sub-Saharan Peoples;159;C0063;Kanuri-Saharan;8;Africa, West and Central;AFR;Africa;N;5;N;4;11.1712;14.33818
CM;Cameroon;12517;104619;Kapsiki;Kapsiki, Psikye;134000;4;N;N;kvj;Psikye;5;6;Islam;35;10-50%;5;2-5%;A013;22;Sub-Saharan Peoples;158;C0062;Chadic  ;8;Africa, West and Central;AFR;Africa;N;2;Y;;10.5859;13.6724
CM;Cameroon;12529;104645;Karang;Karang-Pandama, Sakpu;27000;2;N;N;kzr;Karang;4;1;Christianity;40;10-50%;2;0.1-2%;A013;22;Sub-Saharan Peoples;102;C0003;Adamawa-Ubangi;8;Africa, West and Central;AFR;Africa;N;2;Y;;8.04368;15.02243
CM;Cameroon;12539;104664;Kari;Kari;9100;2;N;N;kbn;Kare (Central African Republic);4;6;Islam;33;10-50%;2;0.1-2%;A013;22;Sub-Saharan Peoples;102;C0003;Adamawa-Ubangi;8;Africa, West and Central;AFR;Africa;N;2;Y;;7.30286;14.40375
CM;Cameroon;12634;104854;Kera;Kera;15000;4;N;N;ker;Kera;4;6;Islam;45;10-50%;8;5-10%;A013;22;Sub-Saharan Peoples;158;C0062;Chadic  ;8;Africa, West and Central;AFR;Africa;N;2;Y;;9.9964;15.10611
CM;Cameroon;12753;105122;Kolbila;Kolbila, Kolena;5200;4;N;N;klc;Kolbila;3;6;Islam;40;10-50%;4;2-5%;A013;22;Sub-Saharan Peoples;102;C0003;Adamawa-Ubangi;8;Africa, West and Central;AFR;Africa;N;1;Y;;8.27409;13.27025
CM;Cameroon;12757;105141;Koma;Koma;9400;4;N;N;kmy;Koma;3;1;Christianity;70;50-100%;9;5-10%;A013;22;Sub-Saharan Peoples;102;C0003;Adamawa-Ubangi;8;Africa, West and Central;AFR;Africa;N;2;Y;;8.69049;12.8094
CM;Cameroon;12778;105185;Konja;Konja, Kwanji;14000;2;N;N;knp;Kwanja;4;1;Christianity;50;10-50%;1.7;0.1-2%;A013;22;Sub-Saharan Peoples;140;C0044;Benue;8;Africa, West and Central;AFR;Africa;N;1;Y;;6.41005;11.6842
CM;Cameroon;12802;105242;Korop;Korop, Ododop;12000;4;N;N;krp;Durop;3;1;Christianity;74;50-100%;2.5;2-5%;A013;22;Sub-Saharan Peoples;140;C0044;Benue;8;Africa, West and Central;AFR;Africa;N;2;Y;;5.13095;8.86555
CM;Cameroon;12809;105254;Kosin;Kosin;4300;4;N;N;kid;Koshin;3;1;Christianity;60;50-100%;4;2-5%;A013;22;Sub-Saharan Peoples;140;C0044;Benue;8;Africa, West and Central;AFR;Africa;N;1;Y;;6.57935;10.29595
CM;Cameroon;10166;100086;Kotoko, Afade;Kotoko, Afade;8400;1;Y;N;aal;Afade;2;6;Islam;4;2-5%;0.6;0.1-2%;A013;22;Sub-Saharan Peoples;158;C0062;Chadic  ;8;Africa, West and Central;AFR;Africa;N;2;Y;1;12.24039;14.69057
CM;Cameroon;12816;105271;Kotoko, Lagwan;Kotoko, Lagwan;8800;4;N;N;kot;Lagwan;1;6;Islam;10;5-10%;5;2-5%;A013;22;Sub-Saharan Peoples;158;C0062;Chadic  ;8;Africa, West and Central;AFR;Africa;N;2;Y;;11.69154;14.84992
CM;Cameroon;11987;103554;Kotoko, Malgbe;Kotoko, Malgbe;11000;4;N;N;mxf;Malgbe;1;6;Islam;20;10-50%;3;2-5%;A013;22;Sub-Saharan Peoples;158;C0062;Chadic  ;8;Africa, West and Central;AFR;Africa;N;2;Y;;12.44419;14.81455
CM;Cameroon;13575;106388;Kotoko, Maslam;Kotoko, Maslam;400;2;N;N;msv;Maslam;0;4;Ethnic Religions;10;5-10%;1;0.1-2%;A013;22;Sub-Saharan Peoples;158;C0062;Chadic  ;8;Africa, West and Central;AFR;Africa;N;2;Y;;12.22483;14.82024
CM;Cameroon;13844;106841;Kotoko, Mpade;Kotoko, Mpade;27000;1;Y;N;mpi;Mpade;2;6;Islam;3;2-5%;0.9;0.1-2%;A013;22;Sub-Saharan Peoples;158;C0062;Chadic  ;8;Africa, West and Central;AFR;Africa;N;2;Y;1;12.57452;14.51383
CM;Cameroon;12814;105269;Kotoko, Mser;Kotoko, Mser;700;4;N;N;kqx;Mser;0;6;Islam;10;5-10%;5;2-5%;A013;22;Sub-Saharan Peoples;158;C0062;Chadic  ;8;Africa, West and Central;AFR;Africa;N;2;Y;;12.02826;14.94921
CM;Cameroon;12828;105291;Kpe;Kpe, Baakpe;185000;5;N;N;bri;Mokpwe;4;1;Christianity;74;50-100%;12;10-50%;A013;22;Sub-Saharan Peoples;347;C0271;Bantu, Northwest;8;Africa, West and Central;AFR;Africa;N;1;Y;;4.21863;9.26759
CM;Cameroon;19338;115390;Kuk;Kuk;6900;4;N;N;kfn;Kuk;1;1;Christianity;72;50-100%;3;2-5%;A013;22;Sub-Saharan Peoples;140;C0044;Benue;8;Africa, West and Central;AFR;Africa;N;1;Y;;6.42989;10.18098
CM;Cameroon;12841;105384;Kumaju;Kumaju, Dumbo;5500;4;N;N;dmo;Kemedzung;4;1;Christianity;74;50-100%;2.5;2-5%;A013;22;Sub-Saharan Peoples;140;C0044;Benue;8;Africa, West and Central;AFR;Africa;N;1;Y;;6.6964;10.49974
CM;Cameroon;12853;105416;Kundu;Kundu, Bakundu;202000;4;N;N;bdu;Oroko;4;1;Christianity;70;50-100%;5;2-5%;A013;22;Sub-Saharan Peoples;347;C0271;Bantu, Northwest;8;Africa, West and Central;AFR;Africa;N;1;Y;;4.84652;9.14252
CM;Cameroon;19339;115391;Kung;Kung;900;3;N;N;kfl;Kung;3;1;Christianity;74;50-100%;2;0.1-2%;A013;22;Sub-Saharan Peoples;140;C0044;Benue;8;Africa, West and Central;AFR;Africa;N;1;Y;;6.5395;10.20677
CM;Cameroon;12864;105434;Kuo;Kuo;12000;5;N;N;xuo;Kuo;4;4;Ethnic Religions;46.8;10-50%;20;10-50%;A013;22;Sub-Saharan Peoples;102;C0003;Adamawa-Ubangi;8;Africa, West and Central;AFR;Africa;N;2;Y;;7.94788;15.4115
CM;Cameroon;12889;105490;Kuteb;Kuteb;4200;3;N;N;kub;Kutep;4;1;Christianity;72;50-100%;2;0.1-2%;A013;22;Sub-Saharan Peoples;140;C0044;Benue;8;Africa, West and Central;AFR;Africa;N;2;Y;;7.00164;10.14578
CM;Cameroon;12901;105510;Kwaja;Kwaja;5700;3;N;N;kdz;Kwaja;2;1;Christianity;73;50-100%;2;0.1-2%;A013;22;Sub-Saharan Peoples;140;C0044;Benue;8;Africa, West and Central;AFR;Africa;N;1;Y;;6.628750284;10.9898368
CM;Cameroon;12950;105581;Laimbue;Laimbue;12000;3;N;N;lmx;Laimbue;2;1;Christianity;74;50-100%;2;0.1-2%;A013;22;Sub-Saharan Peoples;333;C0257;Bantu, Cameroon-Bamileke;8;Africa, West and Central;AFR;Africa;N;1;Y;;6.28794;10.14934
CM;Cameroon;19340;115392;Lefa;Lefa;19000;3;N;N;lfa;Lefa;3;1;Christianity;52;50-100%;2;0.1-2%;A013;22;Sub-Saharan Peoples;140;C0044;Benue;8;Africa, West and Central;AFR;Africa;N;1;Y;;5.04554;11.15784
CM;Cameroon;13193;105977;Mada;Mada;56000;2;N;N;mxu;Mada (Cameroon);3;6;Islam;7;5-10%;0.7;0.1-2%;A013;22;Sub-Saharan Peoples;158;C0062;Chadic  ;8;Africa, West and Central;AFR;Africa;N;1;Y;;10.88089;14.11406
CM;Cameroon;13201;106001;Mafa;Mafa;1072000;2;N;N;maf;Mafa;5;6;Islam;7;5-10%;2;0.1-2%;A013;22;Sub-Saharan Peoples;158;C0062;Chadic  ;8;Africa, West and Central;AFR;Africa;N;2;Y;;10.85718;13.88396
CM;Cameroon;13230;106073;Majera;Majera;900;2;N;N;xmj;Majera;1;4;Ethnic Religions;20;10-50%;1;0.1-2%;A013;22;Sub-Saharan Peoples;158;C0062;Chadic  ;8;Africa, West and Central;AFR;Africa;N;2;Y;;11.16241;14.99821
CM;Cameroon;13986;107408;Makaa, North;Makaa, North;27000;4;N;N;mkk;Byep;2;1;Christianity;59;50-100%;4;2-5%;A013;22;Sub-Saharan Peoples;334;C0258;Bantu, Central-Congo;8;Africa, West and Central;AFR;Africa;N;1;Y;;4.5253;13.59219
CM;Cameroon;15017;109448;Makaa, South;Makaa, South;230000;4;N;N;mcp;Makaa;4;1;Christianity;61;50-100%;6;5-10%;A013;22;Sub-Saharan Peoples;334;C0258;Bantu, Central-Congo;8;Africa, West and Central;AFR;Africa;N;1;Y;;4.04989;13.06024
CM;Cameroon;13467;106196;Mambila, Cameroon;Mambila, Cameroon;73000;5;N;N;mcu;Mambila, Cameroon;4;4;Ethnic Religions;30;10-50%;12;10-50%;A013;22;Sub-Saharan Peoples;140;C0044;Benue;8;Africa, West and Central;AFR;Africa;N;1;Y;;6.43829;11.41953
CM;Cameroon;13486;106227;Mandankwe;Mandankwe, Nkwen;46000;4;N;N;mfd;Mendankwe-Nkwen;2;1;Christianity;74;50-100%;3;2-5%;A013;22;Sub-Saharan Peoples;333;C0257;Bantu, Cameroon-Bamileke;8;Africa, West and Central;AFR;Africa;N;1;Y;;6.00728;10.23074
CM;Cameroon;13487;106228;Mandara;Mandara, Wandala;78000;1;Y;Y;mfi;Wandala;4;6;Islam;0;0-0.1%;0;0-0.1%;A013;22;Sub-Saharan Peoples;158;C0062;Chadic  ;8;Africa, West and Central;AFR;Africa;N;2;Y;2;11.11089;14.0809
CM;Cameroon;13500;106249;Mangbai;Mangbai;16000;5;N;N;mcs;Mambai;3;1;Christianity;55;50-100%;20;10-50%;A013;22;Sub-Saharan Peoples;102;C0003;Adamawa-Ubangi;8;Africa, West and Central;AFR;Africa;N;2;Y;;9.51221;13.92979
CM;Cameroon;13505;106257;Mangisa;Mangisa;72000;4;N;N;mct;Mengisa;2;1;Christianity;74;50-100%;4;2-5%;A013;22;Sub-Saharan Peoples;347;C0271;Bantu, Northwest;8;Africa, West and Central;AFR;Africa;N;1;Y;;4.57483;11.40563
CM;Cameroon;13514;106272;Manja;Manja;16000;5;N;N;mzv;Mandja;3;1;Christianity;69;50-100%;32;10-50%;A013;22;Sub-Saharan Peoples;102;C0003;Adamawa-Ubangi;8;Africa, West and Central;AFR;Africa;N;2;N;;7.348624;15.030433
CM;Cameroon;13560;106369;Masa;Masa;342000;5;N;N;mcn;Masana;5;6;Islam;45;10-50%;15;10-50%;A013;22;Sub-Saharan Peoples;158;C0062;Chadic  ;8;Africa, West and Central;AFR;Africa;N;2;Y;;10.19547;15.25487
CM;Cameroon;13581;106395;Matal;Matal, Muktile;60000;4;N;N;mfh;Matal;4;1;Christianity;45;10-50%;8;5-10%;A013;22;Sub-Saharan Peoples;158;C0062;Chadic  ;8;Africa, West and Central;AFR;Africa;N;1;Y;;10.92833;14.04734
CM;Cameroon;19341;115393;Mazagway;Mazagway;37000;1;Y;N;dkx;Mazagway-Hidi;3;6;Islam;5;2-5%;0.8;0.1-2%;A013;22;Sub-Saharan Peoples;158;C0062;Chadic  ;8;Africa, West and Central;AFR;Africa;N;1;Y;1;10.17602;13.70867
CM;Cameroon;13623;106469;Mbaw;Mbaw;2800;3;N;N;mtk;Mbo';1;1;Christianity;62;50-100%;0.5;0.1-2%;A013;22;Sub-Saharan Peoples;333;C0257;Bantu, Cameroon-Bamileke;8;Africa, West and Central;AFR;Africa;N;1;Y;;6.28058;11.10479
CM;Cameroon;13624;106470;Mbedam;Mbedam;12000;3;N;N;xmd;Mbudum;4;1;Christianity;55;50-100%;0.8;0.1-2%;A013;22;Sub-Saharan Peoples;158;C0062;Chadic  ;8;Africa, West and Central;AFR;Africa;N;1;Y;;10.46098;13.93629
CM;Cameroon;21985;119007;Mbessa;Mbessa;28000;4;N;N;emz;Mbessa;2;1;Christianity;65;50-100%;9;5-10%;A013;22;Sub-Saharan Peoples;140;C0044;Benue;8;Africa, West and Central;AFR;Africa;N;1;Y;;6.18;10.38
CM;Cameroon;13628;106476;Mbimu;Mbimu;13000;4;N;N;mcx;Mpiemo;3;1;Christianity;70;50-100%;4;2-5%;A013;22;Sub-Saharan Peoples;334;C0258;Bantu, Central-Congo;8;Africa, West and Central;AFR;Africa;N;2;Y;;3.49606;15.10942
CM;Cameroon;13629;114979;Mbo;Mbo;103000;4;N;N;mbo;Mbo (Cameroon);2;1;Christianity;70;50-100%;6;5-10%;A013;22;Sub-Saharan Peoples;336;C0260;Bantu, Central-Lakes;8;Africa, West and Central;AFR;Africa;N;1;Y;;5.12587;9.94268
CM;Cameroon;13632;106482;Mboku;Mboku;23000;5;N;N;mqb;Mbuko;4;1;Christianity;75;50-100%;15;10-50%;A013;22;Sub-Saharan Peoples;158;C0062;Chadic  ;8;Africa, West and Central;AFR;Africa;N;1;Y;;10.77967;14.16608
CM;Cameroon;13630;106479;Mbonga, Mboa;Mbonga, Mboa;3100;3;N;N;xmb;Mbonga;1;1;Christianity;59;50-100%;0.3;0.1-2%;A013;22;Sub-Saharan Peoples;140;C0044;Benue;8;Africa, West and Central;AFR;Africa;N;2;Y;;5.75001;13.64964
CM;Cameroon;19342;115394;Mbu;Mbu;300;3;N;N;muc;Ajumbu;1;1;Christianity;66;50-100%;1;0.1-2%;A013;22;Sub-Saharan Peoples;140;C0044;Benue;8;Africa, West and Central;AFR;Africa;N;1;Y;;6.53675;10.25353
CM;Cameroon;22329;119330;Mbuk;Mbuk;700;3;N;N;bpc;Mbuk;2;1;Christianity;55;50-100%;;Unknown;A013;22;Sub-Saharan Peoples;140;C0044;Benue;8;Africa, West and Central;AFR;Africa;N;1;Y;;6.58;10.37
CM;Cameroon;13642;106494;Mbum;Mbum, Wuna;93000;5;N;N;mdd;Mbum;4;6;Islam;27;10-50%;16;10-50%;A013;22;Sub-Saharan Peoples;102;C0003;Adamawa-Ubangi;8;Africa, West and Central;AFR;Africa;N;3;Y;;7.82486;13.11728
CM;Cameroon;13655;106513;Mefele;Mefele;21000;2;N;N;mfj;Mefele;2;4;Ethnic Religions;10;5-10%;1.5;0.1-2%;A013;22;Sub-Saharan Peoples;158;C0062;Chadic  ;8;Africa, West and Central;AFR;Africa;N;1;Y;;10.70269;13.8053
CM;Cameroon;13661;106523;Mekaf;Mekaf, Naki;7300;4;N;N;mff;Naki;1;1;Christianity;69;50-100%;3.5;2-5%;A013;22;Sub-Saharan Peoples;334;C0258;Bantu, Central-Congo;8;Africa, West and Central;AFR;Africa;N;1;Y;;6.79962;10.27467
CM;Cameroon;13672;106540;Mengaka, Ghap;Mengaka, Ghap;48000;4;N;N;xmg;Mengaka;4;1;Christianity;73;50-100%;4;2-5%;A013;22;Sub-Saharan Peoples;333;C0257;Bantu, Cameroon-Bamileke;8;Africa, West and Central;AFR;Africa;N;1;Y;;5.70875;10.33629
CM;Cameroon;13676;106547;Menka;Menka;11000;4;N;N;mea;Menka;2;1;Christianity;74;50-100%;2.5;2-5%;A013;22;Sub-Saharan Peoples;333;C0257;Bantu, Cameroon-Bamileke;8;Africa, West and Central;AFR;Africa;N;1;Y;;5.94479;9.69448
CM;Cameroon;13684;106558;Mere;Mere;33000;4;N;N;meq;Merey;4;6;Islam;30;10-50%;3.4;2-5%;A013;22;Sub-Saharan Peoples;158;C0062;Chadic  ;8;Africa, West and Central;AFR;Africa;N;1;Y;;10.74795;14.08665
CM;Cameroon;13715;106626;Mijong;Mijong, Missong;2700;4;N;N;mij;Mungbam;1;1;Christianity;55;50-100%;5;2-5%;A013;22;Sub-Saharan Peoples;140;C0044;Benue;8;Africa, West and Central;AFR;Africa;N;1;Y;;6.57754;10.22675
CM;Cameroon;13760;106702;Mofu, North;Mofu, North;91000;2;N;N;mfk;Mofu, North;4;6;Islam;8;5-10%;2;0.1-2%;A013;22;Sub-Saharan Peoples;158;C0062;Chadic  ;8;Africa, West and Central;AFR;Africa;N;1;Y;;10.68799;14.1108
CM;Cameroon;15021;109452;Mofu, South;Mofu, South;128000;4;N;N;mif;Mofu-Gudur;4;4;Ethnic Religions;20;10-50%;3;2-5%;A013;22;Sub-Saharan Peoples;158;C0062;Chadic  ;8;Africa, West and Central;AFR;Africa;N;1;Y;;10.54926;14.02533
CM;Cameroon;13778;106735;Molokwo;Molokwo;21000;4;N;N;mlw;Moloko;3;6;Islam;8;5-10%;3.5;2-5%;A013;22;Sub-Saharan Peoples;158;C0062;Chadic  ;8;Africa, West and Central;AFR;Africa;N;1;Y;;10.79455;14.24796
CM;Cameroon;19379;115334;Mono;Mono;400;4;N;N;mru;Mono (Cameroon);0;6;Islam;15;10-50%;4;2-5%;A013;22;Sub-Saharan Peoples;102;C0003;Adamawa-Ubangi;8;Africa, West and Central;AFR;Africa;N;1;Y;;8.78385;14.22556
CM;Cameroon;13851;106850;Mubako;Mubako, Mumbake;50000;2;N;N;muo;Mubako;2;1;Christianity;42.9;10-50%;1.5;0.1-2%;A013;22;Sub-Saharan Peoples;102;C0003;Adamawa-Ubangi;8;Africa, West and Central;AFR;Africa;N;2;Y;;5.76391;10.22912
CM;Cameroon;13863;106885;Mulimba;Mulimba, Limba;4400;4;N;N;mzd;Mulimba;2;1;Christianity;74;50-100%;6;5-10%;A013;22;Sub-Saharan Peoples;347;C0271;Bantu, Northwest;8;Africa, West and Central;AFR;Africa;N;1;Y;;3.76168;9.6487
CM;Cameroon;13864;106889;Mum;Mum, Bamun;702000;4;N;N;bax;Bamun;5;6;Islam;8.5;5-10%;2.4;2-5%;A013;22;Sub-Saharan Peoples;102;C0003;Adamawa-Ubangi;8;Africa, West and Central;AFR;Africa;N;1;Y;;5.58897;10.85543
CM;Cameroon;13865;106891;Mumuye;Mumuye;16000;2;N;N;mzm;Mumuye;4;4;Ethnic Religions;15;10-50%;0.3;0.1-2%;A013;22;Sub-Saharan Peoples;102;C0003;Adamawa-Ubangi;8;Africa, West and Central;AFR;Africa;N;2;N;;9.095561;12.907633
CM;Cameroon;13868;106897;Mundang;Mundang, Lere;148000;4;N;N;mua;Mundang;5;1;Christianity;50;10-50%;2.5;2-5%;A013;22;Sub-Saharan Peoples;102;C0003;Adamawa-Ubangi;8;Africa, West and Central;AFR;Africa;N;2;Y;;10.04259;14.40787
CM;Cameroon;13869;106898;Mundani;Mundani;98000;5;N;N;mnf;Mundani;4;1;Christianity;73;50-100%;20;10-50%;A013;22;Sub-Saharan Peoples;333;C0257;Bantu, Cameroon-Bamileke;8;Africa, West and Central;AFR;Africa;N;1;Y;;5.67228;9.90906
CM;Cameroon;13840;106832;Musgum, Mulwi;Musgum, Mulwi;234000;2;N;N;mug;Musgu;5;6;Islam;25;10-50%;2;0.1-2%;A013;22;Sub-Saharan Peoples;158;C0062;Chadic  ;8;Africa, West and Central;AFR;Africa;N;2;Y;;10.802;14.89536
CM;Cameroon;13898;106976;Muyang;Muyang, Myau;48000;2;N;N;muy;Muyang;4;6;Islam;7;5-10%;0.4;0.1-2%;A013;22;Sub-Saharan Peoples;158;C0062;Chadic  ;8;Africa, West and Central;AFR;Africa;N;1;Y;;10.86079;14.21112
CM;Cameroon;13263;107140;Ncane;Ncane;20000;3;N;N;ncr;Nchane;4;1;Christianity;70;50-100%;1;0.1-2%;A013;22;Sub-Saharan Peoples;140;C0044;Benue;8;Africa, West and Central;AFR;Africa;N;1;Y;;6.5502;10.54773
CM;Cameroon;13292;107172;Ndola;Ndola;4000;4;N;N;ndr;Ndoola;3;1;Christianity;74;50-100%;5;2-5%;A013;22;Sub-Saharan Peoples;140;C0044;Benue;8;Africa, West and Central;AFR;Africa;N;2;Y;;7.49305;12.14559
CM;Cameroon;13290;107170;Ndop-Bamessing;Ndop-Bamessing, Ndob;42000;4;N;N;ndb;Kenswei Nsei;3;4;Ethnic Religions;20;10-50%;3;2-5%;A013;22;Sub-Saharan Peoples;333;C0257;Bantu, Cameroon-Bamileke;8;Africa, West and Central;AFR;Africa;N;1;Y;;6.01898;10.41255
CM;Cameroon;13291;107171;Ndop-Bamunka;Ndop-Bamunka, Muka;48000;4;N;N;bvm;Ngiemekohke;4;1;Christianity;74;50-100%;4;2-5%;A013;22;Sub-Saharan Peoples;333;C0257;Bantu, Cameroon-Bamileke;8;Africa, West and Central;AFR;Africa;N;1;Y;;6.01433;10.50956
CM;Cameroon;13293;107173;Ndreme;Ndreme, Pelasla;21000;4;N;N;mlr;Vame;4;4;Ethnic Religions;10;5-10%;2.5;2-5%;A013;22;Sub-Saharan Peoples;158;C0062;Chadic  ;8;Africa, West and Central;AFR;Africa;N;1;Y;;10.94629;14.21432
CM;Cameroon;13312;107199;Nen, Banen;Nen, Banen;206000;4;N;N;tvu;Tunen;4;1;Christianity;55;50-100%;4.5;2-5%;A013;22;Sub-Saharan Peoples;333;C0257;Bantu, Cameroon-Bamileke;8;Africa, West and Central;AFR;Africa;N;1;Y;;4.67242;10.55475
CM;Cameroon;13325;107223;Nfumte;Nfumte;82000;5;N;N;nfu;Mfumte;2;1;Christianity;75;50-100%;20;10-50%;A013;22;Sub-Saharan Peoples;333;C0257;Bantu, Cameroon-Bamileke;8;Africa, West and Central;AFR;Africa;N;1;Y;;6.628576797;10.98734823
CM;Cameroon;19286;115389;Ngamambo;Ngamambo;142000;4;N;N;nbv;Moghamo;4;1;Christianity;62;50-100%;5;2-5%;A013;22;Sub-Saharan Peoples;140;C0044;Benue;8;Africa, West and Central;AFR;Africa;N;1;Y;;5.87931;10.08198
CM;Cameroon;14763;108711;Ngambay;Ngambay;95000;4;N;N;sba;Ngambay;5;1;Christianity;55;50-100%;7;5-10%;A013;22;Sub-Saharan Peoples;278;C0189;Sara-Bagirmi;8;Africa, West and Central;AFR;Africa;N;3;Y;;8.42629;15.11618
CM;Cameroon;13351;107261;Ngemba;Ngemba;37000;5;N;N;nge;Ngemba;4;1;Christianity;74;50-100%;18;10-50%;A013;22;Sub-Saharan Peoples;333;C0257;Bantu, Cameroon-Bamileke;8;Africa, West and Central;AFR;Africa;N;1;Y;;6.0471;10.10057
CM;Cameroon;13355;107267;Ngi;Ngi, Angie;74000;4;N;N;ngj;Ngie;4;1;Christianity;76;50-100%;7;5-10%;A013;22;Sub-Saharan Peoples;333;C0257;Bantu, Cameroon-Bamileke;8;Africa, West and Central;AFR;Africa;N;1;Y;;5.93935;9.79766
CM;Cameroon;13358;107271;Ngishe;Ngishe;18000;3;N;N;nsh;Ngoshie;2;1;Christianity;70;50-100%;1;0.1-2%;A013;22;Sub-Saharan Peoples;333;C0257;Bantu, Cameroon-Bamileke;8;Africa, West and Central;AFR;Africa;N;1;Y;;6.04679;9.83103
CM;Cameroon;13360;107273;Ngo;Ngo, Babungo;45000;4;N;N;bav;Vengo;4;1;Christianity;74;50-100%;6;5-10%;A013;22;Sub-Saharan Peoples;333;C0257;Bantu, Cameroon-Bamileke;8;Africa, West and Central;AFR;Africa;N;1;Y;;6.10804;10.40851
CM;Cameroon;13363;107276;Ngomba;Ngomba;131000;3;N;N;jgo;Ngomba;4;1;Christianity;76;50-100%;0.1;0.1-2%;A013;22;Sub-Saharan Peoples;333;C0257;Bantu, Cameroon-Bamileke;8;Africa, West and Central;AFR;Africa;N;1;Y;;5.61971;10.23795
CM;Cameroon;13368;107283;Ngoshe Sama;Ngoshe Sama, Ngossi;2000;2;N;N;ngs;Gvoko;2;4;Ethnic Religions;25;10-50%;0.2;0.1-2%;A013;22;Sub-Saharan Peoples;158;C0062;Chadic  ;8;Africa, West and Central;AFR;Africa;N;2;Y;;10.98668;13.7821
CM;Cameroon;13371;107287;Ngumba;Ngumba, Mvumbo;30000;4;N;N;nmg;Kwasio;3;1;Christianity;77;50-100%;3.5;2-5%;A013;22;Sub-Saharan Peoples;347;C0271;Bantu, Northwest;8;Africa, West and Central;AFR;Africa;N;2;Y;;3.06009;10.2998
CM;Cameroon;13381;107300;Ngwe, Bamileke-Foto;Ngwe, Bamileke-Foto;146000;4;N;N;nwe;Ngwe;2;1;Christianity;76;50-100%;4;2-5%;A013;22;Sub-Saharan Peoples;333;C0257;Bantu, Cameroon-Bamileke;8;Africa, West and Central;AFR;Africa;N;1;Y;;5.52327;9.89054
CM;Cameroon;13383;107302;Ngwo;Ngwo, Ngwaw;38000;3;N;N;ngn;Ngwo;4;1;Christianity;73;50-100%;2;0.1-2%;A013;22;Sub-Saharan Peoples;333;C0257;Bantu, Cameroon-Bamileke;8;Africa, West and Central;AFR;Africa;N;1;Y;;6.16675;9.85236
CM;Cameroon;19382;115349;Nimbari, Nyamnyam;Nimbari, Nyamnyam;300;2;N;N;xxx;Language unknown;0;6;Islam;30;10-50%;0.8;0.1-2%;A013;22;Sub-Saharan Peoples;102;C0003;Adamawa-Ubangi;8;Africa, West and Central;AFR;Africa;N;1;Y;;9.67581;13.82656
CM;Cameroon;13413;107350;Njen, Nzin;Njen, Nzin;3500;4;N;N;njj;Njen;2;6;Islam;8;5-10%;3;2-5%;A013;22;Sub-Saharan Peoples;158;C0062;Chadic  ;8;Africa, West and Central;AFR;Africa;N;1;Y;;5.75046;9.90516
CM;Cameroon;15209;109746;Njikum;Njikum;4600;5;N;N;jbu;Jukun Takum;4;1;Christianity;62;50-100%;26;10-50%;A013;22;Sub-Saharan Peoples;140;C0044;Benue;8;Africa, West and Central;AFR;Africa;N;2;Y;;6.86384;10.51587
CM;Cameroon;19343;115395;Njyem;Njyem;5400;4;N;N;njy;Njyem;3;1;Christianity;72;50-100%;7;5-10%;A013;22;Sub-Saharan Peoples;140;C0044;Benue;8;Africa, West and Central;AFR;Africa;N;2;Y;;2.4421;14.07319
CM;Cameroon;13419;107357;Nkom;Nkom, Kom;389000;4;N;N;bkm;Kom (Cameroon);4;4;Ethnic Religions;20;10-50%;9;5-10%;A013;22;Sub-Saharan Peoples;333;C0257;Bantu, Cameroon-Bamileke;8;Africa, West and Central;AFR;Africa;N;1;Y;;6.27076;10.34254
CM;Cameroon;19662;115396;Nkongho;Nkongho;4400;4;N;N;nkc;Nkongho;1;1;Christianity;69;50-100%;6;5-10%;A013;22;Sub-Saharan Peoples;347;C0271;Bantu, Northwest;8;Africa, West and Central;AFR;Africa;N;1;Y;;5.33567;9.80423
CM;Cameroon;13966;107381;Nomande;Nomande, Mandi;20000;4;N;N;lem;Nomaande;4;1;Christianity;69;50-100%;6;5-10%;A013;22;Sub-Saharan Peoples;347;C0271;Bantu, Northwest;8;Africa, West and Central;AFR;Africa;N;1;Y;;4.57935;10.90669
CM;Cameroon;13970;107385;Noni;Noni;67000;4;N;N;nhu;Noone;4;1;Christianity;70;50-100%;7;5-10%;A013;22;Sub-Saharan Peoples;140;C0044;Benue;8;Africa, West and Central;AFR;Africa;N;1;Y;;6.39044;10.57116
CM;Cameroon;10236;100203;Nsari, Akweto;Nsari, Akweto;14000;3;N;N;asj;Sari;4;1;Christianity;70;50-100%;2;0.1-2%;A013;22;Sub-Saharan Peoples;140;C0044;Benue;8;Africa, West and Central;AFR;Africa;N;1;Y;;6.62288;10.60167
CM;Cameroon;14085;107539;Nyang;Nyang, Manyang;162000;4;N;N;ken;Kenyang;4;1;Christianity;66;50-100%;6;5-10%;A013;22;Sub-Saharan Peoples;333;C0257;Bantu, Cameroon-Bamileke;8;Africa, West and Central;AFR;Africa;N;1;Y;;5.51419;9.5043
CM;Cameroon;20547;116899;Nyokon;Nyokon;5900;4;N;N;nvo;Nyokon;2;1;Christianity;55;50-100%;4;2-5%;A013;22;Sub-Saharan Peoples;333;C0257;Bantu, Cameroon-Bamileke;8;Africa, West and Central;AFR;Africa;N;1;Y;;3.884633;11.500906
CM;Cameroon;14107;107573;Nzakmbay;Nzakmbay;25000;5;N;N;nzy;Nzakambay;4;4;Ethnic Religions;40;10-50%;23;10-50%;A013;22;Sub-Saharan Peoples;102;C0003;Adamawa-Ubangi;8;Africa, West and Central;AFR;Africa;N;2;Y;;7.63605;15.54214
CM;Cameroon;14108;107574;Nzanyi;Nzanyi, Jeng;29000;4;N;N;nja;Nzanyi;3;6;Islam;15;10-50%;4;2-5%;A013;22;Sub-Saharan Peoples;158;C0062;Chadic  ;8;Africa, West and Central;AFR;Africa;N;2;Y;;9.97913;13.37472
CM;Cameroon;14110;107576;Nzime;Nzime;35000;4;N;N;ozm;Koonzime;4;1;Christianity;73;50-100%;7;5-10%;A013;22;Sub-Saharan Peoples;347;C0271;Bantu, Northwest;8;Africa, West and Central;AFR;Africa;N;2;Y;;3.25933;13.54152
CM;Cameroon;22393;119391;Obang Valley;Obang Valley;20000;4;N;N;bby;Befang;2;1;Christianity;89;50-100%;6;5-10%;A013;22;Sub-Saharan Peoples;140;C0044;Benue;8;Africa, West and Central;AFR;Africa;N;1;Y;;6.3;10.1
CM;Cameroon;14144;107624;Oku;Oku, Uku;145000;4;N;N;oku;Oku;4;1;Christianity;73;50-100%;6;5-10%;A013;22;Sub-Saharan Peoples;333;C0257;Bantu, Cameroon-Bamileke;8;Africa, West and Central;AFR;Africa;N;1;Y;;6.22281;10.51195
CM;Cameroon;14226;107694;Osatu;Osatu;800;4;N;N;ost;Osatu;1;1;Christianity;55;50-100%;3;2-5%;A013;22;Sub-Saharan Peoples;140;C0044;Benue;8;Africa, West and Central;AFR;Africa;N;1;Y;;6.21005;9.80398
CM;Cameroon;14285;107811;Pana;Pana;6400;4;N;N;pnz;Pana (Central African Republic);4;1;Christianity;51;50-100%;10;5-10%;A013;22;Sub-Saharan Peoples;102;C0003;Adamawa-Ubangi;8;Africa, West and Central;AFR;Africa;N;4;Y;;7.57024;15.41874
CM;Cameroon;12817;105272;Peere;Peere;58000;4;N;N;pfe;Pere;4;1;Christianity;50;10-50%;9;5-10%;A013;22;Sub-Saharan Peoples;140;C0044;Benue;8;Africa, West and Central;AFR;Africa;N;2;Y;;7.50987;12.37072
CM;Cameroon;14376;107999;Peve;Peve, Lame;12000;5;N;N;lme;Peve;4;1;Christianity;45;10-50%;15;10-50%;A013;22;Sub-Saharan Peoples;158;C0062;Chadic  ;8;Africa, West and Central;AFR;Africa;N;2;Y;;8.94841;14.4997
CM;Cameroon;14402;108047;Pinyin;Pinyin, Bapinyi;71000;4;N;N;pny;Pinyin;4;1;Christianity;95;50-100%;3;2-5%;A013;22;Sub-Saharan Peoples;333;C0257;Bantu, Cameroon-Bamileke;8;Africa, West and Central;AFR;Africa;N;1;Y;;5.78617;10.06672
CM;Cameroon;14420;108078;Pobyeng;Pobyeng, Mpompo;115000;4;N;N;mgg;Mpumpong;4;1;Christianity;70;50-100%;5;2-5%;A013;22;Sub-Saharan Peoples;334;C0258;Bantu, Central-Congo;8;Africa, West and Central;AFR;Africa;N;1;Y;;3.05092;14.81427
CM;Cameroon;14422;108082;Podoko;Podoko;72000;4;N;N;pbi;Parkwa;4;4;Ethnic Religions;30;10-50%;5;2-5%;A013;22;Sub-Saharan Peoples;158;C0062;Chadic  ;8;Africa, West and Central;AFR;Africa;N;1;Y;;11.01859;14.10091
CM;Cameroon;14429;108092;Pol;Pol, Congo Pol;79000;5;N;N;pmm;Pol;2;1;Christianity;74;50-100%;15;10-50%;A013;22;Sub-Saharan Peoples;334;C0258;Bantu, Central-Congo;8;Africa, West and Central;AFR;Africa;N;2;Y;;4.98851;13.64311
CM;Cameroon;10587;100811;Pygmy, Baka;Pygmy, Baka;64000;2;N;N;bkc;Baka (Cameroon);3;4;Ethnic Religions;30;10-50%;1.1;0.1-2%;A013;22;Sub-Saharan Peoples;273;C0184;Pygmy;8;Africa, West and Central;AFR;Africa;N;2;Y;;2.12133;14.73379
CM;Cameroon;14728;108648;Sango;Sango;6400;4;N;N;sag;Sango;5;1;Christianity;73;50-100%;10;5-10%;A013;22;Sub-Saharan Peoples;102;C0003;Adamawa-Ubangi;8;Africa, West and Central;AFR;Africa;N;5;N;;7.599862;14.950844
CM;Cameroon;14762;108710;Sara Mbai;Sara Mbai;6300;5;N;N;myb;Mbay;5;1;Christianity;70;50-100%;30;10-50%;A013;22;Sub-Saharan Peoples;278;C0189;Sara-Bagirmi;8;Africa, West and Central;AFR;Africa;N;4;N;;7.546306711;15.44678064
CM;Cameroon;19046;115351;Sharwa;Sharwa;10000;1;Y;N;swq;Sharwa;2;6;Islam;1;0.1-2%;0.1;0-0.1%;A013;22;Sub-Saharan Peoples;158;C0062;Chadic  ;8;Africa, West and Central;AFR;Africa;N;1;Y;1;10.14014;13.56021
CM;Cameroon;19047;115353;So, Fo;So, Fo;21000;4;N;N;sox;Swo;3;1;Christianity;73;50-100%;7;5-10%;A013;22;Sub-Saharan Peoples;334;C0258;Bantu, Central-Congo;8;Africa, West and Central;AFR;Africa;N;1;Y;;3.63962;12.52647
CM;Cameroon;15093;109558;Su;Su, Isubu;2700;5;N;N;szv;Isubu;4;1;Christianity;70;50-100%;25;10-50%;A013;22;Sub-Saharan Peoples;347;C0271;Bantu, Northwest;8;Africa, West and Central;AFR;Africa;N;1;Y;;3.96758;9.36535
CM;Cameroon;15106;109579;Suga, Baghap;Suga, Baghap;31000;4;N;N;sgi;Nizaa;2;6;Islam;13;10-50%;10;5-10%;A013;22;Sub-Saharan Peoples;140;C0044;Benue;8;Africa, West and Central;AFR;Africa;N;1;Y;;7.14417;12.41826
CM;Cameroon;15446;109970;Terki;Terki, Teleki;4700;4;N;N;tsh;Matsuva;2;6;Islam;4;2-5%;3;2-5%;A013;22;Sub-Saharan Peoples;158;C0062;Chadic  ;8;Africa, West and Central;AFR;Africa;N;1;Y;;10.15636;13.62811
CM;Cameroon;15480;110049;Tigon;Tigon;67000;4;N;N;nza;Mbembe, Tigon;4;4;Ethnic Religions;45;10-50%;8;5-10%;A013;22;Sub-Saharan Peoples;140;C0044;Benue;8;Africa, West and Central;AFR;Africa;N;2;Y;;6.85367;10.69909
CM;Cameroon;15486;110055;Tikar;Tikar, Twumwu;184000;3;N;N;tik;Tikar;4;1;Christianity;65;50-100%;2;0.1-2%;A013;22;Sub-Saharan Peoples;333;C0257;Bantu, Cameroon-Bamileke;8;Africa, West and Central;AFR;Africa;N;1;Y;;5.85445;11.58374
CM;Cameroon;15505;110089;Tiv;Tiv;10000;5;N;N;tiv;Tiv;5;1;Christianity;74;50-100%;25;10-50%;A013;22;Sub-Saharan Peoples;140;C0044;Benue;8;Africa, West and Central;AFR;Africa;N;2;N;;6.45463;9.62521
CM;Cameroon;15614;110241;Tuburi;Tuburi;217000;5;N;N;tui;Tupuri;5;1;Christianity;59;50-100%;14;10-50%;A013;22;Sub-Saharan Peoples;102;C0003;Adamawa-Ubangi;8;Africa, West and Central;AFR;Africa;N;2;Y;;10.17395;14.79783
CM;Cameroon;15646;110291;Tuotomb;Tuotomb;1600;3;N;N;ttf;Tuotomb;1;1;Christianity;70;50-100%;0.7;0.1-2%;A013;22;Sub-Saharan Peoples;347;C0271;Bantu, Northwest;8;Africa, West and Central;AFR;Africa;N;1;Y;;4.65602;10.66044
CM;Cameroon;21360;110341;Twendi;Twendi;3100;1;Y;N;twn;Twendi;0;6;Islam;0.3;0.1-2%;0.1;0-0.1%;A013;22;Sub-Saharan Peoples;140;C0044;Benue;8;Africa, West and Central;AFR;Africa;N;1;Y;1;6.36656;11.70017
CM;Cameroon;14097;107561;Uhumkighi, Yukuben;Uhumkighi, Yukuben;2900;3;N;N;ybl;Yukuben;2;1;Christianity;55;50-100%;1;0.1-2%;A013;22;Sub-Saharan Peoples;140;C0044;Benue;8;Africa, West and Central;AFR;Africa;N;2;Y;;6.944;10.0828
CM;Cameroon;15742;110449;Usakade;Usakade;26000;3;N;N;usk;Usaghade;2;1;Christianity;62;50-100%;2;0.1-2%;A013;22;Sub-Saharan Peoples;140;C0044;Benue;8;Africa, West and Central;AFR;Africa;N;2;Y;;4.72483;8.68242
CM;Cameroon;13173;105952;Vemgo-Mabas;Vemgo-Mabas;1700;4;N;N;vem;Vemgo-Mabas;2;6;Islam;15;10-50%;6;5-10%;A013;22;Sub-Saharan Peoples;158;C0062;Chadic  ;8;Africa, West and Central;AFR;Africa;N;2;Y;;10.80339;13.67735
CM;Cameroon;15787;110554;Verre;Verre;13000;4;N;N;ver;Verre;3;1;Christianity;51;50-100%;9;5-10%;A013;22;Sub-Saharan Peoples;102;C0003;Adamawa-Ubangi;8;Africa, West and Central;AFR;Africa;N;2;Y;;8.76081;12.87377
CM;Cameroon;15807;110593;Vute;Vute;44000;5;N;N;vut;Vute;4;4;Ethnic Religions;20;10-50%;11;10-50%;A013;22;Sub-Saharan Peoples;140;C0044;Benue;8;Africa, West and Central;AFR;Africa;N;2;Y;;5.40059;12.24497
CM;Cameroon;15895;110727;Wawa;Wawa;7700;1;Y;N;www;Wawa;1;6;Islam;1;0.1-2%;1;0.1-2%;A013;22;Sub-Saharan Peoples;140;C0044;Benue;8;Africa, West and Central;AFR;Africa;N;1;Y;1;6.82544;11.76713
CM;Cameroon;15901;110738;Weh;Weh;16000;5;N;N;weh;Weh;4;1;Christianity;70;50-100%;25;10-50%;A013;22;Sub-Saharan Peoples;333;C0257;Bantu, Cameroon-Bamileke;8;Africa, West and Central;AFR;Africa;N;1;Y;;6.46006;10.12645
CM;Cameroon;15397;110825;Widekum;Widekum, Menemo-Mogamo;109000;4;N;N;mgo;Meta';4;4;Ethnic Religions;20;10-50%;9;5-10%;A013;22;Sub-Saharan Peoples;333;C0257;Bantu, Cameroon-Bamileke;8;Africa, West and Central;AFR;Africa;N;1;Y;;5.92187;9.89756
CM;Cameroon;15411;110853;Woko;Woko, Longa;8000;1;Y;N;wok;Longto;1;6;Islam;2;0.1-2%;1;0.1-2%;A013;22;Sub-Saharan Peoples;102;C0003;Adamawa-Ubangi;8;Africa, West and Central;AFR;Africa;N;1;Y;1;8.34979;13.06592
CM;Cameroon;15415;110859;Wom;Wom;45000;4;N;N;wom;Wom (Nigeria);2;1;Christianity;50;10-50%;2.5;2-5%;A013;22;Sub-Saharan Peoples;102;C0003;Adamawa-Ubangi;8;Africa, West and Central;AFR;Africa;N;2;N;;9.100752;12.900261
CM;Cameroon;15424;110877;Wushi, Babessi;Wushi, Babessi ;39000;3;N;N;bse;Wushi;2;1;Christianity;70;50-100%;1.5;0.1-2%;A013;22;Sub-Saharan Peoples;333;C0257;Bantu, Cameroon-Bamileke;8;Africa, West and Central;AFR;Africa;N;1;Y;;6.0775;10.60365
CM;Cameroon;15428;110883;Wuzlam;Wuzlam, Uzam;35000;4;N;N;udl;Wuzlam;4;6;Islam;20;10-50%;4;2-5%;A013;22;Sub-Saharan Peoples;158;C0062;Chadic  ;8;Africa, West and Central;AFR;Africa;N;1;Y;;10.94444;14.13685
CM;Cameroon;13636;106486;Yamba;Yamba;152000;5;N;N;yam;Yamba;4;1;Christianity;75;50-100%;18;10-50%;A013;22;Sub-Saharan Peoples;333;C0257;Bantu, Cameroon-Bamileke;8;Africa, West and Central;AFR;Africa;N;2;Y;;6.44951;11.04661
CM;Cameroon;15971;110955;Yambasa;Yambasa, Nu Gunu;101000;4;N;N;yas;Nugunu (Cameroon);4;1;Christianity;74;50-100%;5;2-5%;A013;22;Sub-Saharan Peoples;347;C0271;Bantu, Northwest;8;Africa, West and Central;AFR;Africa;N;1;Y;;4.67962;11.22072
CM;Cameroon;15973;110957;Yambetta;Yambetta, Nedek;12000;4;N;N;yat;Yambeta;4;1;Christianity;70;50-100%;3;2-5%;A013;22;Sub-Saharan Peoples;347;C0271;Bantu, Northwest;8;Africa, West and Central;AFR;Africa;N;1;Y;;4.83789;10.93035
CM;Cameroon;15979;110969;Yangben;Yangben;7500;4;N;N;yav;Yangben;4;1;Christianity;69;50-100%;3;2-5%;A013;22;Sub-Saharan Peoples;347;C0271;Bantu, Northwest;8;Africa, West and Central;AFR;Africa;N;1;Y;;4.41326;11.02796
CM;Cameroon;15998;110993;Yasa;Yasa;5500;4;N;N;yko;Iyasa;3;1;Christianity;74;50-100%;6;5-10%;A013;22;Sub-Saharan Peoples;347;C0271;Bantu, Northwest;8;Africa, West and Central;AFR;Africa;N;3;Y;;2.45171;9.89801
CM;Cameroon;18991;115388;Zhoa;Zhoa;4200;4;N;N;zhw;Zhoa;1;4;Ethnic Religions;25;10-50%;5;2-5%;A013;22;Sub-Saharan Peoples;333;C0257;Bantu, Cameroon-Bamileke;8;Africa, West and Central;AFR;Africa;N;1;Y;;6.535;10.16403
CM;Cameroon;16111;111192;Zulgo-Gemzek;Zulgo-Gemzek;61000;4;N;N;gnd;Zulgo-Gemzek;4;4;Ethnic Religions;10;5-10%;3;2-5%;A013;22;Sub-Saharan Peoples;158;C0062;Chadic  ;8;Africa, West and Central;AFR;Africa;N;1;Y;;10.82826;14.05261
;;;;;;;;;;;;;;;;;;;;;;;;;;;;;;;;;;
Bible Translation status:;;;;;;;;;;;;;;;;;;;;;;;;;;;;;;;;;;
0;Unspecified;;;;;;;;;;;;;;;;;;;;;;;;;;;;;;;;;
1;Translation Needed;;;;;;;;;;;;;;;;;;;;;;;;;;;;;;;;;
2;Translation Started;;;;;;;;;;;;;;;;;;;;;;;;;;;;;;;;;
3;Portions;;;;;;;;;;;;;;;;;;;;;;;;;;;;;;;;;
4;New Testament;;;;;;;;;;;;;;;;;;;;;;;;;;;;;;;;;
5;Complete Bible;;;;;;;;;;;;;;;;;;;;;;;;;;;;;;;;;
;;;;;;;;;;;;;;;;;;;;;;;;;;;;;;;;;;
Joshua Project welcomes corrections / updates to this data.  Please send feedback to:;;;;;;;;;;;;;;;;;;;;;;;;;;;;;;;;;;
;;;;;;;;;;;;;;;;;;;;;;;;;;;;;;;;;;
Email:;info@joshuaproject.net;;;;;;;;;;;;;;;;;;;;;;;;;;;;;;;;;
Web:;www.joshuaproject.net;;;;;;;;;;;;;;;;;;;;;;;;;;;;;;;;;
